Title,Date
"Vikings: Staffel 2: Auge um Auge","23.07.24"
"Vikings: Staffel 2: Verrat","23.07.24"
"Vikings: Staffel 2: Invasion","22.07.24"
"Vikings: Staffel 2: Bruderkrieg","21.07.24"
"Vikings: Staffel 1: Veränderungen","21.07.24"
"Vikings: Staffel 1: Das Opfer","21.07.24"
"Vikings: Staffel 1: Ein Vermögen","21.07.24"
"Vikings: Staffel 1: Das Begräbnis","21.07.24"
"Vikings: Staffel 1: Der Überfall","21.07.24"
"Vikings: Staffel 1: Der Prozess","20.07.24"
"Vikings: Staffel 1: Enteignet","19.07.24"
"Vikings: Staffel 1: Der Zorn der Wikinger","19.07.24"
"Vikings: Staffel 1: Initiationsriten","19.07.24"
"The Rookie: Staffel 2: Undercover","08.07.24"
"Rick and Morty: Staffel 1: School of Rick","27.06.24"
"Rick and Morty: Staffel 7: Karneval der Angst","27.06.24"
"Rick and Morty: Staffel 7: Mort: Ragnarick","27.06.24"
"Rick and Morty: Staffel 7: Der Aufstand der Nummericons: Der Film","27.06.24"
"Rick and Morty: Staffel 7: Wet Kuat Amortican Summer","27.06.24"
"Rick and Morty: Staffel 7: Die Rickmort Show","27.06.24"
"Rick and Morty: Staffel 7: Zurück in die Unendlichkeit","27.06.24"
"Rick and Morty: Staffel 7: That’s Amorte","27.06.24"
"Rick and Morty: Staffel 7: Air Force Wong","27.06.24"
"Rick and Morty: Staffel 7: Ein Jerrick kommt immer zu zweit","27.06.24"
"Rick and Morty: Staffel 7: Das erstaunliche Leben des Mr. Kakapopoloch","27.06.24"
"Top Gun","26.06.24"
"Dexter: Staffel 8: Abschied","07.06.24"
"Dexter: Staffel 8: Vor dem Sturm","07.06.24"
"Dexter: Staffel 8: Fehler der Vergangenheit","07.06.24"
"Dexter: Staffel 8: Zwei Welten","06.06.24"
"Dexter: Staffel 8: Nachhilfestunden","06.06.24"
"Dexter: Staffel 8: Meister und Schüler","05.06.24"
"Dexter: Staffel 8: Spiegelbilder","04.06.24"
"Dexter: Staffel 8: Familientherapie","03.06.24"
"Dexter: Staffel 8: Mutter des Kodex","03.06.24"
"Dexter: Staffel 8: Narben","03.06.24"
"Dexter: Staffel 8: Buch der Psychopathen","02.06.24"
"Dexter: Staffel 8: Verloren","01.06.24"
"8 Mile","31.05.24"
"Dexter: Staffel 7: Entscheidung einer Schwester","30.05.24"
"Dexter: Staffel 7: Entscheidung eines Bruders","30.05.24"
"Dexter: Staffel 7: Feuerteufel","30.05.24"
"Dexter: Staffel 7: Ein letzter Freundschaftsdienst","30.05.24"
"Dexter: Staffel 7: Argentinien","29.05.24"
"Dexter: Staffel 7: Chemie","28.05.24"
"Dexter: Staffel 7: Die Sehnsucht nach Schnee","27.05.24"
"Dexter: Staffel 7: Kampfansage","26.05.24"
"Dexter: Staffel 7: In Rauch aufgelöst","26.05.24"
"The OA: Teil I: Kapitel 1: Rückkehr","26.05.24"
"Dexter: Staffel 7: Todeslabyrinth","26.05.24"
"Dexter: Staffel 7: Auf Schritt und Tritt","26.05.24"
"Dexter: Staffel 7: Erschütternde Wahrheit","25.05.24"
"Dexter: Staffel 6: Die Säule des Lichts","25.05.24"
"Dexter: Staffel 6: Der Feuersee","25.05.24"
"Dexter: Staffel 6: Neue Jünger","23.05.24"
"Dexter: Staffel 6: Die Schalen des Zorns","22.05.24"
"Dexter: Staffel 6: Die Hure Babylon","22.05.24"
"Dexter: Staffel 6: Die Reise nach Nebraska","21.05.24"
"Dexter: Staffel 6: Am Scheideweg","20.05.24"
"Dexter: Staffel 6: Der Engel des Todes","20.05.24"
"Dexter: Staffel 6: Die Reiter der Apokalypse","20.05.24"
"Dexter: Staffel 6: Die Rückkehr der Zahnfee","20.05.24"
"Dexter: Staffel 6: Der gute Hirte","20.05.24"
"Dexter: Staffel 6: Sieben Schlangen","20.05.24"
"Dexter: Staffel 5: Das Eine und das Andere","19.05.24"
"Dexter: Staffel 5: Verliebte Rächer","19.05.24"
"Dexter: Staffel 5: Nummer 13","19.05.24"
"Dexter: Staffel 5: Kein guter Tag","19.05.24"
"Dexter: Staffel 5: Hol’s dir!","19.05.24"
"Dexter: Staffel 5: Das Licht der Dunkelheit","19.05.24"
"Dexter: Staffel 5: Alles ist illuminiert","19.05.24"
"Dexter: Staffel 5: Gier nach Vergeltung","19.05.24"
"Dexter: Staffel 5: Der Mörder und das Biest","19.05.24"
"Dexter: Staffel 5: Das Gefühl der Leere","19.05.24"
"Dexter: Staffel 5: Auf der Fährte","19.05.24"
"Dexter: Staffel 5: Auf Wiedersehen, Rita Bennett!","18.05.24"
"Dexter: Staffel 4: Die Schlinge zieht sich zu","18.05.24"
"Dexter: Staffel 4: Hallo, Dexter Morgan","18.05.24"
"Dexter: Staffel 4: Die Unschuld eines Kindes","18.05.24"
"Dexter: Staffel 4: Das Fest der Dankbarkeit","18.05.24"
"Dexter: Staffel 4: Bereuen ist menschlich","18.05.24"
"Dexter: Staffel 4: Models, Morde, Missverständnisse","18.05.24"
"Eine Frage der Ehre","17.05.24"
"Dexter: Staffel 4: Familienväter","17.05.24"
"Dexter: Staffel 4: Dirty Harry","13.05.24"
"Dexter: Staffel 4: Sucht nach Freiheit","13.05.24"
"Dexter: Staffel 4: Vandalenjagd","12.05.24"
"Dexter: Staffel 4: Hängepartie","11.05.24"
"Dexter: Staffel 4: Ein Leben wie im Traum","11.05.24"
"Lucy","10.05.24"
"Dexter: Staffel 3: Überlebenswille","09.05.24"
"Dexter: Staffel 3: Adios, Amigo","09.05.24"
"Dexter: Staffel 3: Ende einer Freundschaft","09.05.24"
"Dexter: Staffel 3: Die Geister, die ich rief …","08.05.24"
"Dexter: Staffel 3: Schmetterlingseffekt","06.05.24"
"Dexter: Staffel 3: Ein Akt der Gnade","05.05.24"
"Dexter: Staffel 3: Teamwork","04.05.24"
"Dexter: Staffel 3: Abstecher nach Bimini","02.05.24"
"Dexter: Staffel 3: Rollenspiele","02.05.24"
"Dexter: Staffel 3: Jagdinstinkt ","02.05.24"
"Dexter: Staffel 3: Auf der Suche nach Freebo","30.04.24"
"Dexter: Staffel 3: Ein neuer Kodex","30.04.24"
"Dexter: Staffel 2: Amour fou","29.04.24"
"Dexter: Staffel 2: Entscheidungen","29.04.24"
"Dexter: Staffel 2: Die Wahrheit über Harry","28.04.24"
"Dexter: Staffel 2: Widerstand ist zwecklos","28.04.24"
"Dexter: Staffel 2: Falsches Spiel","28.04.24"
"Dexter: Staffel 2: Das Manifest des Metzgers","28.04.24"
"Dexter: Staffel 2: Dex, Lügen und Video","27.04.24"
"Dexter: Staffel 2: Superhelden","27.04.24"
"Dexter: Staffel 2: Hitzewelle","27.04.24"
"Dexter: Staffel 2: Der düstere Begleiter","27.04.24"
"Dexter: Staffel 2: Einfach loslassen","26.04.24"
"Malcolm & Marie","25.04.24"
"Dexter: Staffel 2: Verflucht","25.04.24"
"Dexter: Staffel 1: Blutsbrüder","25.04.24"
"Dexter: Staffel 1: Tödliche Weihnachten","24.04.24"
"Dexter: Staffel 1: Rot wie Blut","24.04.24"
"Dexter: Staffel 1: Spuren der Vergangenheit","23.04.24"
"Dexter: Staffel 1: Therapiestunden","22.04.24"
"Dexter: Staffel 1: Freundeskreis","21.04.24"
"Dexter: Staffel 1: Ein Sturm zieht auf","20.04.24"
"Dexter: Staffel 1: Das perfekte Paar","19.04.24"
"Dexter: Staffel 1: Mit Hand und Fuß","17.04.24"
"Dexter: Staffel 1: Cherry On Ice","16.04.24"
"Dexter: Staffel 1: Eiskalt erwischt","15.04.24"
"Dexter: Staffel 1: Dexter","15.04.24"
"Yellowstone: Staffel 3: Die Welt ist lila","03.04.24"
"Yellowstone: Staffel 3: Gemeiner als das Böse","03.04.24"
"Yellowstone: Staffel 3: Ich habe heute einen Mann getötet","03.04.24"
"Yellowstone: Staffel 3: Die Prügel","03.04.24"
"Yellowstone: Staffel 3: Alles umsonst","03.04.24"
"Yellowstone: Staffel 3: Cowboys und Träumer","03.04.24"
"Yellowstone: Staffel 3: Der Sommer ist vorbei","03.04.24"
"Yellowstone: Staffel 3: Eine akzeptable Kapitulation","02.04.24"
"Yellowstone: Staffel 3: Güterzüge und Monster","02.04.24"
"Yellowstone: Staffel 3: Du bist jetzt der Indianer","01.04.24"
"Yellowstone: Staffel 2: Die Sünden des Vaters","29.03.24"
"Yellowstone: Staffel 2: Feinde bis Montag","29.03.24"
"Yellowstone: Staffel 2: Hinter uns nur Grau","29.03.24"
"Yellowstone: Staffel 2: Tag der Auferstehung","29.03.24"
"Yellowstone: Staffel 2: Junge in Blut","27.03.24"
"Yellowstone: Staffel 2: Den Feind berühren","26.03.24"
"Yellowstone: Staffel 2: Nur noch Teufel","26.03.24"
"Yellowstone: Staffel 2: Der Geruch der Verzweiflung","25.03.24"
"Yellowstone: Staffel 2: Grabenkämpfe","25.03.24"
"Yellowstone: Staffel 2: Ein Sturm zieht auf","24.03.24"
"Yellowstone: Season 1: Der Zerfall: Teil 2","23.03.24"
"Yellowstone: Season 1: Der Zerfall: Teil 1","23.03.24"
"Yellowstone: Season 1: Ein Monster ist unter uns","23.03.24"
"Yellowstone: Season 1: Die Erinnerung","23.03.24"
"Yellowstone: Season 1: Heimkehr","20.03.24"
"Yellowstone: Season 1: Der Zug in die Dunkelheit","20.03.24"
"Yellowstone: Season 1: Keine Pferde","18.03.24"
"Yellowstone: Season 1: Familienbande","18.03.24"
"Yellowstone: Season 1: Bei Tagesanbruch","18.03.24"
"Suits: Staffel 9: Ein letzter Trick","17.03.24"
"Suits: Staffel 9: Zur Brust nehmen","17.03.24"
"Suits: Staffel 9: Gefangenendilemma","16.03.24"
"Suits: Staffel 9: Panoramastraße","13.03.24"
"Suits: Staffel 9: Was auch immer nötig ist","13.03.24"
"Suits: Staffel 9: Wem der Schuh passt","11.03.24"
"Suits: Staffel 9: Kairo","10.03.24"
"Suits: Staffel 9: Windmühlen","10.03.24"
"Suits: Staffel 9: Zwangsverwaltung","08.03.24"
"Suits: Staffel 9: Jetzt ist alles anders","05.03.24"
"Suits: Staffel 8: Harvey","03.03.24"
"Suits: Staffel 8: Der Lockvogel","03.03.24"
"Suits: Staffel 8: Vom gleichen Schlag","29.02.24"
"Suits: Staffel 8: Das große Ganze","26.02.24"
"Suits: Staffel 8: Walfang","25.02.24"
"Suits: Staffel 8: Rocky 8","25.02.24"
"Suits: Staffel 8: Geschäftsführender Partner","24.02.24"
"Suits: Staffel 8: Antrag auf Vertagung","24.02.24"
"Suits: Staffel 8: Coral Gables","24.02.24"
"Suits: Staffel 8: Verletzter Stolz","21.02.24"
"Suits: Staffel 8: Katzen, Ballett, Harvey Specter","19.02.24"
"Suits: Staffel 8: Schlammschlacht","18.02.24"
"Suits: Staffel 8: Pro-Kopf-Umsatz","18.02.24"
"Suits: Staffel 8: Versprechen, nichts als Versprechen","17.02.24"
"Suits: Staffel 8: Rangordnung","16.02.24"
"Suits: Staffel 8: Die rechte Hand","15.02.24"
"Suits: Staffel 7: Abschied","15.02.24"
"Suits: Staffel 7: Beste Partner","15.02.24"
"Suits: Staffel 7: Hahnenkampf","14.02.24"
"Suits: Staffel 7: Unvermeidlich","14.02.24"
"Suits: Staffel 7: Neuordnung","13.02.24"
"Suits: Staffel 7: Zerwürfnis","13.02.24"
"Suits: Staffel 7: Donna","12.02.24"
"Suits: Staffel 7: Schande","12.02.24"
"Suits: Staffel 7: Ein unmoralisches Angebot","12.02.24"
"Suits: Staffel 7: Karten auf den Tisch","12.02.24"
"Suits: Staffel 7: Abbitte","12.02.24"
"Suits: Staffel 7: Wortbruch","12.02.24"
"Und täglich grüßt das Murmeltier","11.02.24"
"Suits: Staffel 7: Teile und herrsche","10.02.24"
"Suits: Staffel 7: Argwohn","10.02.24"
"Suits: Staffel 7: Eingeschüchtert","10.02.24"
"Suits: Staffel 7: Neues Spiel","10.02.24"
"Suits: Staffel 6: Stellungswechsel","10.02.24"
"Suits: Staffel 6: Quid Pro Quo","10.02.24"
"Suits: Staffel 6: Schuldeingeständnis","10.02.24"
"Suits: Staffel 6: Lampenfieber","10.02.24"
"Suits: Staffel 6: Das Gemälde","09.02.24"
"Suits: Staffel 6: Sie ist weg","09.02.24"
"Suits: Staffel 6: Pearson Spector Litt","09.02.24"
"Suits: Staffel 6: 5 Jahre","08.02.24"
"Suits: Staffel 6: Geliehene Zeit","07.02.24"
"Suits: Staffel 6: Gegen die Zeit","05.02.24"
"Suits: Staffel 6: Das Versprechen","04.02.24"
"Suits: Staffel 6: Vertrauen","04.02.24"
"Suits: Staffel 6: 6 Stunden Freiheit","04.02.24"
"Suits: Staffel 6: Wieder im Spiel","04.02.24"
"Suits: Staffel 6: Beglichene Rechnungen","04.02.24"
"Suits: Staffel 5: Schlammschlacht","03.02.24"
"Suits: Staffel 6: Chaostage","03.02.24"
"Suits: Staffel 5: Wem die Stunde schlägt","03.02.24"
"Suits: Staffel 5: Die Zeit läuft","03.02.24"
"Suits: Staffel 5: Selbstverteidigung","03.02.24"
"Suits: Staffel 5: Versuchung","02.02.24"
"Suits: Staffel 5: Ungebetene Gäste","02.02.24"
"Suits: Staffel 5: Zwietracht","02.02.24"
"Suits: Staffel 5: Ärger im Anzug","02.02.24"
"Suits: Staffel 5: Kuhhandel","02.02.24"
"Suits: Staffel 5: Stunde der Wahrheit","02.02.24"
"Suits: Staffel 5: Tiefschlag","02.02.24"
"Suits: Staffel 5: Zwickmühle","01.02.24"
"Suits: Staffel 5: Familiensache","01.02.24"
"Suits: Staffel 1: Doppeltes Spiel: Teil 1","01.02.24"
"Suits: Staffel 5: Weggefährten","01.02.24"
"Suits: Staffel 5: Keine Frage des Geldes","01.02.24"
"Suits: Staffel 5: Trennungsschmerzen","01.02.24"
"Suits: Staffel 4: Mehr als ein hübsches Gesicht","01.02.24"
"Suits: Staffel 4: Kämpfen, nicht kuscheln","31.01.24"
"Suits: Staffel 4: Entgleist","31.01.24"
"Suits: Staffel 4: Der Weg ist das Ziel","28.01.24"
"Suits: Staffel 4: Schweigen für Schweigen","28.01.24"
"Suits: Staffel 4: Genug ist genug","27.01.24"
"Suits: Staffel 4: Spiel mit dem Feuer","15.01.24"
"Suits: Staffel 4: Rückzug","14.01.24"
"Suits: Staffel 4: Tiefe Einblicke","13.01.24"
"Suits: Staffel 4: Neue Ufer","12.01.24"
"Suits: Staffel 4: Nicht die ganze Wahrheit","11.01.24"
"Suits: Staffel 4: Schwächeanfall","10.01.24"
"Suits: Staffel 4: Wie du mir, so ich dir","08.01.24"
"The Witcher: Staffel 3: Der Preis des Chaos","08.01.24"
"Suits: Staffel 4: Kampfansage","07.01.24"
"No Hard Feelings","07.01.24"
"Suits: Staffel 4: Zwei vor, einen zurück","06.01.24"
"Suits: Staffel 4: Start mit Schwierigkeiten","06.01.24"
"Suits: Staffel 3: Abschiede","06.01.24"
"Suits: Staffel 3: Wissen, wann Schluss ist","06.01.24"
"Suits: Staffel 3: Herzenssachen","06.01.24"
"Suits: Staffel 3: Spannungsfelder","06.01.24"
"Suits: Staffel 3: Vergiss Gestern","05.01.24"
"Suits: Staffel 3: Private Einsichten","04.01.24"
"Suits: Staffel 3: Paare und Partner","03.01.24"
"Suits: Staffel 3: Verlieren, um zu gewinnen","02.01.24"
"Suits: Staffel 3: Endspiel","01.01.24"
"Suits: Staffel 3: Reviermarkierung","01.01.24"
"Suits: Staffel 3: Gestern ist Heute","31.12.23"
"Suits: Staffel 3: Zweifelhafte Absichten","31.12.23"
"Suits: Staffel 3: Interessenkonflikt","30.12.23"
"Suits: Staffel 3: Offene Rechnung","30.12.23"
"Suits: Staffel 3: Partnerwahl","30.12.23"
"Suits: Staffel 3: Neupositionierung","30.12.23"
"Suits: Staffel 2: Krieg","16.12.23"
"Suits: Staffel 2: Kräfte bündeln","16.12.23"
"Suits: Staffel 2: Alte Feinde","16.12.23"
"Spider-Man: No Way Home (Extended Version)","15.12.23"
"Whitney Houston: I Wanna Dance with Somebody","13.12.23"
"Suits: Staffel 2: Zane Vs. Zane","09.12.23"
"Suits: Staffel 2: Schwachstelle","08.12.23"
"The Witcher: Staffel 3: Vom Regen in die Traufe","02.12.23"
"Suits: Staffel 2: Aus dem Nichts","01.12.23"
"Suits: Staffel 2: Abrechnung","30.11.23"
"Suits: Staffel 2: Konsequenzen","30.11.23"
"Suits: Staffel 2: Alles auf Anfang","30.11.23"
"Suits: Staffel 2: Überraschungsangriff","30.11.23"
"Suits: Staffel 2: Volles Risiko","30.11.23"
"Suits: Staffel 2: Verluste","30.11.23"
"Suits: Staffel 2: Entdeckungen","30.11.23"
"Suits: Staffel 2: Kräftemessen","30.11.23"
"Suits: Staffel 2: Alleingänge","30.11.23"
"Suits: Staffel 2: Machtgefüge","30.11.23"
"Suits: Staffel 1: Enthüllungen","29.11.23"
"Suits: Staffel 1: Spielregeln","29.11.23"
"Suits: Staffel 1: Nachtschicht","29.11.23"
"Suits: Staffel 1: Herausforderungen","28.11.23"
"Suits: Staffel 1: Identitätskrise","28.11.23"
"Suits: Staffel 1: Moralische Bedenken","28.11.23"
"Suits: Staffel 1: Ausgehandelt","28.11.23"
"Suits: Staffel 1: Rausgehauen","28.11.23"
"Suits: Staffel 1: Schmutzige kleine Geheimnisse","28.11.23"
"Suits: Staffel 1: Überholmanöver","28.11.23"
"Suits: Staffel 1: Patente und andere Unwägbarkeiten","28.11.23"
"Suits: Staffel 1: Doppeltes Spiel: Teil 2","28.11.23"
"Cast Away – Verschollen","26.11.23"
"Codename U.N.C.L.E.","21.11.23"
"Salt","20.11.23"
"The Witcher: Staffel 3: Gut geplant ist halb gewonnen","08.11.23"
"The Night Agent: Staffel 1: Der Anruf","08.11.23"
"The Night Agent: Staffel 1: Väter","07.11.23"
"The Night Agent: Staffel 1: Der Teufel, den man kennt","07.11.23"
"The Night Agent: Staffel 1: Neuauflage","07.11.23"
"The Night Agent: Staffel 1: Am besten eiskalt serviert","07.11.23"
"The Night Agent: Staffel 1: Stille Wasser gründen tief","07.11.23"
"The Night Agent: Staffel 1: Die Marionette","07.11.23"
"The Night Agent: Staffel 1: Streng geheim","06.11.23"
"The Night Agent: Staffel 1: Die Zoowärterin","06.11.23"
"The Night Agent: Staffel 1: Wahlwiederholung","05.11.23"
"Spider-Man: Across the Spider-Verse","05.11.23"
"Spider-Man: A New Universe","04.11.23"
"Bodies: Miniserie: „Wisse, du wirst geliebt“","01.11.23"
"Bodies: Miniserie: „Fang mich, wenn du kannst“","01.11.23"
"Bodies: Miniserie: „Die Welt gehört dir“","01.11.23"
"Bodies: Miniserie: „Wir sind einander Geister“","01.11.23"
"Bodies: Miniserie: „Bis kurz vor dem Urschleim“","31.10.23"
"Bodies: Miniserie: „Nur Geduld, mein Freund“","31.10.23"
"Bodies: Miniserie: „Wissen Sie, wer ich bin?“","30.10.23"
"Bodies: Miniserie: „Dann sind Sie schon begraben“","30.10.23"
"The Witcher: Staffel 3: Die Kunst der Illusion","29.10.23"
"Spider-Man: No Way Home","18.10.23"
"Shiny_Flakes: The Teenage Drug Lord","18.10.23"
"The Lincoln Lawyer: Staffel 2: Schatten der Vergangenheit","14.10.23"
"The Lincoln Lawyer: Staffel 2: Verweigerung","14.10.23"
"The Lincoln Lawyer: Staffel 2: Vereinbarungen und Auflagen","14.10.23"
"The Lincoln Lawyer: Staffel 2: Cui Bono","13.10.23"
"The Lincoln Lawyer: Staffel 2: Rückzieher","11.10.23"
"The Lincoln Lawyer: Staffel 2: Misstrauen","11.10.23"
"The Lincoln Lawyer: Staffel 2: Entdeckung","10.10.23"
"The Lincoln Lawyer: Staffel 2: Konflikte","09.10.23"
"The Lincoln Lawyer: Staffel 2: Verpflichtungen","08.10.23"
"The Lincoln Lawyer: Staffel 2: Berufsregeln","08.10.23"
"The Lincoln Lawyer: Staffel 1: Das letzte Urteil","07.10.23"
"The Lincoln Lawyer: Staffel 1: Akzeptanzlücke","07.10.23"
"The Lincoln Lawyer: Staffel 1: Noch einmal die magische Kugel","06.10.23"
"The Lincoln Lawyer: Staffel 1: Lemming Nummer Sieben","06.10.23"
"The Lincoln Lawyer: Staffel 1: Korrupt","06.10.23"
"The Lincoln Lawyer: Staffel 1: Zwölf Lemminge","05.10.23"
"The Lincoln Lawyer: Staffel 1: Chaostheorie","05.10.23"
"The Lincoln Lawyer: Staffel 1: Momentum","05.10.23"
"The Lincoln Lawyer: Staffel 1: Die magische Kugel","04.10.23"
"The Lincoln Lawyer: Staffel 1: Wieder im Sattel","04.10.23"
"The Recruit: Staffel 1: W.V.N.I.O.H. (Wer verdammt nochmal ist Owen Hendricks?)","03.10.23"
"The Recruit: Staffel 1: D.W.M.E.S. (Das war meine erste Sexspionage.)","03.10.23"
"The Recruit: Staffel 1: I.P.I.P.N (Ich presse, ich presse nicht.)","03.10.23"
"The Recruit: Staffel 1: S.H.D.W.E.P. (Sie haben da wohl ein Problem.)","02.10.23"
"The Recruit: Staffel 1: J.D.N.A.A.C. (Ja, doch nur als Anderson Cooper.)","02.10.23"
"The Recruit: Staffel 1: S.W.N.M.W.S.T. (Sie wissen nicht mal, was Sie tun.)","02.10.23"
"The Recruit: Staffel 1: N.D.N.Z. (Niemals die Nervosität zeigen.)","02.10.23"
"The Recruit: Staffel 1: I.B.K.S.I.B.A. (Ich bin kein Spion. Ich bin Anwalt.)","01.10.23"
"Diplomatische Beziehungen: Staffel 1: Die James-Bond-Klausel","30.09.23"
"Diplomatische Beziehungen: Staffel 1: Halt deine Feinde in deiner Nähe","30.09.23"
"Diplomatische Beziehungen: Staffel 1: Ein mögliches Techtelmechtel","29.09.23"
"Diplomatische Beziehungen: Staffel 1: Die Bezwingerin der Dämonen des Kriegs","29.09.23"
"Diplomatische Beziehungen: Staffel 1: Er erstand einen Hut","29.09.23"
"Diplomatische Beziehungen: Staffel 1: Lämmer im Dunkeln","29.09.23"
"Diplomatische Beziehungen: Staffel 1: Nenn es nicht Entführung","27.09.23"
"The Blacklist: Staffel 9: Marvin Gerard (Nr. 80): Teil 2","27.09.23"
"The Witcher: Staffel 3: Die Einladung","24.09.23"
"The Witcher: Staffel 1: Vor dem Fall","23.09.23"
"The Witcher: Staffel 3: Shaerrawedd","23.09.23"
"Diplomatische Beziehungen: Staffel 1: Das Aschenputtel-Ding","22.09.23"
"Men in Black: International","22.09.23"
"Der Pate","22.09.23"
"The Witcher: Staffel 3: Wiedersehen","21.09.23"
"Spider-Man: Homecoming","21.09.23"
"Spider-Man: Far from Home","21.09.23"
"Men in Black 3","20.09.23"
"Men in Black II","19.09.23"
"Men in Black","17.09.23"
"Heat","14.09.23"
"Liebes Kind: Miniserie: Für Lena","12.09.23"
"Liebes Kind: Miniserie: Geschenke","12.09.23"
"Liebes Kind: Miniserie: Regeln","12.09.23"
"Liebes Kind: Miniserie: Das Haus","12.09.23"
"Liebes Kind: Miniserie: Großvater","11.09.23"
"Liebes Kind: Miniserie: Hannah","11.09.23"
"The Blacklist: Staffel 10: Gute Nacht, Raymond Reddington","09.09.23"
"The Blacklist: Staffel 10: Raymond Reddington – Teil 1","09.09.23"
"The Blacklist: Staffel 10: Arthur Hudson","09.09.23"
"The Blacklist: Staffel 10: Raum 417","09.09.23"
"The Blacklist: Staffel 10: Wermut (Nr. 182)","09.09.23"
"The Witcher: Staffel 3: Getrennter Weg","08.09.23"
"The Blacklist: Staffel 10: Die Morgana Logistics Corporation (Nr. 167)","08.09.23"
"The Blacklist: Staffel 10: Blair Foster (Nr. 39)","08.09.23"
"The Blacklist: Staffel 10: Drei auf einen Streich","08.09.23"
"The Blacklist: Staffel 10: Die unsichtbare Braut (Nr. 192)","08.09.23"
"The Blacklist: Staffel 10: Der Sizilianische Farbfehler","08.09.23"
"The Blacklist: Staffel 10: Dr. Michael Abani (Nr. 198)","08.09.23"
"The Blacklist: Staffel 10: Der Mann mit Hut","07.09.23"
"The Blacklist: Staffel 10: Der Postmann (Nr. 173)","07.09.23"
"The Blacklist: Staffel 10: Der Trollfarmer (Nr. 38): Teil 3","06.09.23"
"The Blacklist: Staffel 10: Der Trollfarmer (Nr. 38): Teil 2","05.09.23"
"The Blacklist: Staffel 10: Der Freelancer, Teil 2 (Nr. 145)","04.09.23"
"The Blacklist: Staffel 10: Dr. Laken Perillos (Nr. 70) – Teil 2","04.09.23"
"The Blacklist: Staffel 10: Die Affäre Dockery","04.09.23"
"The Blacklist: Staffel 10: Die Hyäne (Nr. 200)","03.09.23"
"The Blacklist: Staffel 10: Die Vier Ganoven (Nr. 199)","03.09.23"
"ONE PIECE: Staffel 1: Wanted!","02.09.23"
"ONE PIECE: Staffel 1: Das Mädchen mit dem Sägefisch-Tattoo","02.09.23"
"ONE PIECE: Staffel 1: Der Koch und der Matrose","02.09.23"
"ONE PIECE: Staffel 1: Willkommen im Baratie!","02.09.23"
"ONE PIECE: Staffel 1: Die Piraten kommen","01.09.23"
"ONE PIECE: Staffel 1: Lügen, nichts als Lügen","01.09.23"
"ONE PIECE: Staffel 1: Der Mann mit dem Strohhut","01.09.23"
"ONE PIECE: Staffel 1: Das Abenteuer beginnt","31.08.23"
"Ocean's Eleven","30.08.23"
"The Blacklist: Staffel 10: Die Walfängerin (Nr. 165)","29.08.23"
"The Blacklist: Staffel 10: Die Nachteule","28.08.23"
"The Blacklist: Staffel 8: Das Erbe","27.08.23"
"The Blacklist: Staffel 8: Wie alles begann","27.08.23"
"Who is Erin Carter?: Miniserie: Folge 1","27.08.23"
"Manifest: Staffel 4: Der Kirschblütenregen","24.08.23"
"The Lego Movie","22.08.23"
"The LEGO Batman Movie","20.08.23"
"Designated Survivor: Staffel 3: #DasSystemIstImEimer","12.08.23"
"Designated Survivor: Staffel 2: Bedingungslos","10.08.23"
"Designated Survivor: Staffel 2: Im Fadenkreuz","10.08.23"
"Designated Survivor: Staffel 2: Druckmittel","10.08.23"
"Designated Survivor: Staffel 2: Führungskapazität","10.08.23"
"Designated Survivor: Staffel 2: Kirkmans Kampf","09.08.23"
"Designated Survivor: Staffel 2: Krieg hat seinen Preis","09.08.23"
"Designated Survivor: Staffel 2: Schmutzige Bombe","09.08.23"
"Designated Survivor: Staffel 2: Der Gipfel","09.08.23"
"Designated Survivor: Staffel 2: Im Dunkeln","09.08.23"
"Designated Survivor: Staffel 2: Erbsünde","08.08.23"
"Designated Survivor: Staffel 2: Unendliche Weiten","08.08.23"
"Designated Survivor: Staffel 2: Trauer","08.08.23"
"Designated Survivor: Staffel 2: Feuer","08.08.23"
"Designated Survivor: Staffel 2: Drei-Briefe-Tag","08.08.23"
"Designated Survivor: Staffel 2: Zuhause","08.08.23"
"Designated Survivor: Staffel 2: Familienbande","07.08.23"
"Designated Survivor: Staffel 2: Zwei Schiffe","07.08.23"
"Designated Survivor: Staffel 2: Esel","07.08.23"
"Designated Survivor: Staffel 2: Gleichgewicht","06.08.23"
"Designated Survivor: Staffel 2: Ausbruch","06.08.23"
"Designated Survivor: Staffel 2: Der Haken","04.08.23"
"Designated Survivor: Staffel 2: Ein Jahr","03.08.23"
"Designated Survivor: Staffel 1: Auf alles gefasst","02.08.23"
"Designated Survivor: Staffel 1: Die Sensationsstory","02.08.23"
"Designated Survivor: Staffel 1: Mesalliance","02.08.23"
"Designated Survivor: Staffel 1: Lazarus","01.08.23"
"Designated Survivor: Staffel 1: Der neunte Sitz","01.08.23"
"Designated Survivor: Staffel 1: Grenzen und Schwachstellen","31.07.23"
"Designated Survivor: Staffel 1: 100 Tage","31.07.23"
"Designated Survivor: Staffel 1: Oberbefehlshaber","31.07.23"
"Designated Survivor: Staffel 1: Das Gegenfeuer","30.07.23"
"Designated Survivor: Staffel 1: Das Ende vom Anfang","30.07.23"
"Designated Survivor: Staffel 1: Die Kämpfer","30.07.23"
"Designated Survivor: Staffel 1: Der Eid","30.07.23"
"Designated Survivor: Staffel 1: Der Plan","29.07.23"
"Designated Survivor: Staffel 1: Die Ergebnisse","28.07.23"
"Designated Survivor: Staffel 1: Der Verräter","28.07.23"
"Designated Survivor: Staffel 1: Das Verhör","28.07.23"
"Designated Survivor: Staffel 1: Die Mission","28.07.23"
"Designated Survivor: Staffel 1: Der Feind","28.07.23"
"Designated Survivor: Staffel 1: Das Geständnis","26.07.23"
"Designated Survivor: Staffel 1: Der erste Tag","26.07.23"
"Designated Survivor: Staffel 1: Pilotfolge","26.07.23"
"Miniserie (Clip): Johnny Depp gegen Amber Heard","26.07.23"
"Outer Banks: Staffel 1: Phantom","21.07.23"
"Outer Banks: Staffel 1: Der Glockenturm","21.07.23"
"Outer Banks: Staffel 1: Die Startbahn","21.07.23"
"Outer Banks: Staffel 1: Flaute","19.07.23"
"Outer Banks: Staffel 1: Flurstück 9","18.07.23"
"Outer Banks: Staffel 1: Das Mittsommerfest","17.07.23"
"Outer Banks: Staffel 1: In geheimer Mission","16.07.23"
"Outer Banks: Staffel 1: Die verbotene Zone","15.07.23"
"Outer Banks: Staffel 1: Der Glückskompass","14.07.23"
"Outer Banks: Staffel 1: Pilot","13.07.23"
"Treason: Miniserie: Folge 5","12.07.23"
"Treason: Miniserie: Folge 4","12.07.23"
"Treason: Miniserie: Folge 3","12.07.23"
"Treason: Miniserie: Folge 2","12.07.23"
"Treason: Miniserie: Folge 1","11.07.23"
"Scarface","11.07.23"
"Sieben","11.07.23"
"Die Verurteilten","08.07.23"
"Rick and Morty: Staffel 6: Weihnachten schlägt zurück","03.07.23"
"Rick and Morty: Staffel 6: Die Ritter der Sonnenrunde","03.07.23"
"Rick and Morty: Staffel 6: Reine Pissesache","03.07.23"
"Rick and Morty: Staffel 6: Full Meta JackRick","02.07.23"
"Rick and Morty: Staffel 6: JuRicksic Mort","02.07.23"
"Rick and Morty: Staffel 6: Das Glückskeksprinzip","02.07.23"
"Rick and Morty: Staffel 6: Fleißig über Nacht","02.07.23"
"Rick and Morty: Staffel 6: Verbotene LieBeth","02.07.23"
"Rick and Morty: Staffel 6: Stirb ganz langsam","02.07.23"
"Rick and Morty: Staffel 6: Nach Hause teleportieren","02.07.23"
"The Blacklist: Staffel 9: Marvin Gerard (Nr. 80): Teil 1","01.07.23"
"The Blacklist: Staffel 9: Die Caelum-Bank (Nr. 169)","01.07.23"
"The Blacklist: Staffel 9: Die Bärenmaske","29.06.23"
"The Blacklist: Staffel 9: Laszlo Jankowics (Nr. 180)","29.06.23"
"The Blacklist: Staffel 9: El Conejo (Nr. 177)","29.06.23"
"The Blacklist: Staffel 9: Helen Maghi (Nr. 172)","28.06.23"
"The Blacklist: Staffel 9: Andrew Kennison (Nr. 185)","28.06.23"
"The Blacklist: Staffel 9: Eva Mason (Nr. 181)","27.06.23"
"The Blacklist: Staffel 9: Echte Models GmbH (Nr. 176)","26.06.23"
"The Blacklist: Staffel 9: Der Vorsitzende (Nr. 171)","26.06.23"
"The Blacklist: Staffel 9: Das Konglomerat (Nr. 142)","25.06.23"
"The Blacklist: Staffel 9: Das Arcane Netzwerk (Nr. 154)","24.06.23"
"The Blacklist: Staffel 9: Boukman Baptiste (Nr. 164)","23.06.23"
"The Blacklist: Staffel 9: Dr. Razmik Maier (Nr. 168)","22.06.23"
"The Blacklist: Staffel 9: Zwischen Schlafen und Wachen","21.06.23"
"The Blacklist: Staffel 9: Dr. Roberta Sand, Ph.D. (Nr. 153)","21.06.23"
"The Blacklist: Staffel 9: Benjamin T. Okara (Nr. 183)","21.06.23"
"The Blacklist: Staffel 9: Der Racheengel (Nr. 49)","21.06.23"
"The Blacklist: Staffel 9: Die stolze Bruderschaft der Kirchenritter (Nr. 178)","21.06.23"
"The Blacklist: Staffel 9: Der Schinder (Nr. 45): Teil 2","21.06.23"
"The Blacklist: Staffel 9: Der Schinder (Nr. 45)","19.06.23"
"The Blacklist: Staffel 8: Godwin Page (Nr. 141)","16.06.23"
"The Blacklist: Staffel 8: Balthazar „Bino“ Baker (Nr. 129)","16.06.23"
"The Blacklist: Staffel 8: Der Wandelbare (Nr. 36)","16.06.23"
"The Blacklist: Staffel 8: Ivan Stepanov (Nr. 5)","16.06.23"
"The Blacklist: Staffel 8: Nicholas Obenrader (Nr. 133)","15.06.23"
"The Blacklist: Staffel 8: Der russische Knoten","15.06.23"
"The Blacklist: Staffel 8: Der Feind meines Feindes ist mein Freund","14.06.23"
"The Blacklist: Staffel 8: Anne","14.06.23"
"The Blacklist: Staffel 8: Rakitin (Nr. 28)","13.06.23"
"The Blacklist: Staffel 8: Captain Kidd (Nr. 96)","12.06.23"
"The Blacklist: Staffel 8: Dr. Laken Perillos (Nr. 70)","11.06.23"
"The Blacklist: Staffel 8: Der Cyranoid (Nr. 35)","11.06.23"
"The Blacklist: Staffel 8: Ogden Greeley (Nr. 40)","10.06.23"
"The Blacklist: Staffel 8: Mary, die Chemikerin (Nr. 143)","10.06.23"
"The Blacklist: Staffel 8: Die Wellstone-Agentur (Nr. 127)","09.06.23"
"The Blacklist: Staffel 8: Die Fribourg-Gruppierung (Nr. 140)","09.06.23"
"The Blacklist: Staffel 8: Elizabeth Keen (Nr. 1)","09.06.23"
"The Blacklist: Staffel 8: 450 Gramm","08.06.23"
"The Blacklist: Staffel 8: Katarina Rostova (Nr. 3) – Teil 2","08.06.23"
"The Blacklist: Staffel 8: Roanoke (Nr. 139)","07.06.23"
"The Blacklist: Staffel 7: Die Brüder Kazanjian","07.06.23"
"The Blacklist: Staffel 7: Roy Cain (Nr. 150)","07.06.23"
"Manifest: Staffel 4: Letzter Aufruf zum Einsteigen","06.06.23"
"Manifest: Staffel 4: Formation","06.06.23"
"Manifest: Staffel 4: Auftrieb/Widerstand","06.06.23"
"Manifest: Staffel 4: Schwelle","05.06.23"
"Manifest: Staffel 4: Angriffsmanöver","05.06.23"
"Manifest: Staffel 4: Ausgebremst","05.06.23"
"Manifest: Staffel 4: Fata Morgana","05.06.23"
"Manifest: Staffel 4: Geisterflugzeug","03.06.23"
"Manifest: Staffel 4: Rückzug","03.06.23"
"Manifest: Staffel 4: Letzter Sinkflug","03.06.23"
"The Blacklist: Staffel 7: Brüder","01.06.23"
"The Blacklist: Staffel 7: Nyle Hatcher (Nr. 149)","31.05.23"
"The Blacklist: Staffel 7: Gordon Kemp (Nr. 158)","30.05.23"
"The Blacklist: Staffel 1: Raymond Reddingtons schwarze Liste","30.05.23"
"The Blacklist: Staffel 7: Twamie Ullulaq (Nr. 126)","29.05.23"
"The Blacklist: Staffel 7: Newton Purcell (Nr. 144)","29.05.23"
"The Blacklist: Staffel 7: Cornelius Ruck (Nr. 155)","27.05.23"
"The Blacklist: Staffel 7: Victoria Fenberg (Nr. 137)","25.05.23"
"The Blacklist: Staffel 7: Katarina Rostova (Nr. 3)","24.05.23"
"The Blacklist: Staffel 7: Orion Relocation Services (Nr. 159)","24.05.23"
"The Blacklist: Staffel 7: Der Hawaladar (Nr. 162)","24.05.23"
"The Blacklist: Staffel 7: Hannah Hayes (Nr. 125)","24.05.23"
"The Blacklist: Staffel 7: Dr. Lewis Powell (Nr. 130)","23.05.23"
"The Blacklist: Staffel 7: Norman Devane (Nr. 138)","23.05.23"
"The Blacklist: Staffel 7: Kuwait","21.05.23"
"The Blacklist: Staffel 7: Les Fleurs Du Mal (Nr. 151)","21.05.23"
"The Blacklist: Staffel 7: Louis T. Steinhil (Nr. 27) – Teil 2","21.05.23"
"The Blacklist: Staffel 7: Louis T. Steinhil (Nr. 27) – Teil 1","20.05.23"
"The Blacklist: Staffel 6: Robert Diaz (Nr. 15)","19.05.23"
"The Blacklist: Staffel 6: Anna McMahon (Nr. 60)","19.05.23"
"The Blacklist: Staffel 6: Guillermo Rizal (Nr. 128)","19.05.23"
"The Blacklist: Staffel 6: Der Nebel lichtet sich","18.05.23"
"The Blacklist: Staffel 6: Der Brockton-College-Mörder (Nr. 92)","17.05.23"
"The Blacklist: Staffel 6: Der dritte Stand (Nr. 136)","17.05.23"
"The Blacklist: Staffel 6: Die Glücksgöttin (Nr. 69)","17.05.23"
"The Blacklist: Staffel 6: Olivia Olson (Nr. 115)","17.05.23"
"The Blacklist: Staffel 6: Die Osterman Umbrella Company (Nr. 6)","17.05.23"
"The Blacklist: Staffel 6: Robert Vesco (Nr. 9)","14.05.23"
"The Blacklist: Staffel 6: Bastien Moreau (Nr. 20) – Teil 2","13.05.23"
"The Blacklist: Staffel 6: Bastien Moreau (Nr. 20)","13.05.23"
"The Blacklist: Staffel 6: Der Kryptobanker (Nr. 160)","13.05.23"
"The Blacklist: Staffel 6: Minister D (Nr. 99)","13.05.23"
"The Blacklist: Staffel 6: Marko Jankowics (Nr. 58)","13.05.23"
"The Blacklist: Staffel 6: General Shiro (Nr. 116)","11.05.23"
"The Blacklist: Staffel 6: Der Ethiker (Nr. 91)","08.05.23"
"The Blacklist: Staffel 6: Alter Ego (Nr. 131)","07.05.23"
"The Blacklist: Staffel 6: Die Pfandleiher (Nr. 146/147)","07.05.23"
"The Blacklist: Staffel 6: Der Pharmazeut (Nr. 124)","07.05.23"
"The Blacklist: Staffel 6: Der Korse (Nr. 20)","07.05.23"
"The Blacklist: Staffel 6: Dr. Hans Koehler (Nr. 33)","07.05.23"
"The Blacklist: Staffel 5: Sutton Ross (Nr. 17)","06.05.23"
"The Blacklist: Staffel 5: Lawrence Dane Devlin (Nr. 26)","06.05.23"
"The Blacklist: Staffel 5: Nicholas T. Moore (Nr. 110)","06.05.23"
"The Blacklist: Staffel 5: Ian Garvey (Nr. 13) – Teil 2","06.05.23"
"The Blacklist: Staffel 5: Zarak Mosadek (Nr. 23)","06.05.23"
"The Blacklist: Staffel 5: Anna-Gracia Duerte (Nr. 25)","06.05.23"
"The Blacklist: Staffel 5: Der Steinbock-Killer (Nr. 19)","04.05.23"
"The Blacklist: Staffel 5: Pattie Sue Edwards (Nr. 68)","03.05.23"
"The Blacklist: Staffel 5: Mr. Raleigh Sinclair III (Nr. 51)","03.05.23"
"The Blacklist: Staffel 5: Die unsichtbare Hand (Nr. 63)","02.05.23"
"The Blacklist: Staffel 5: Der Koch (Nr. 56)","01.05.23"
"The Blacklist: Staffel 5: Abraham Stern (Nr. 100)","01.05.23"
"The Blacklist: Staffel 5: Der Informant (Nr. 118)","30.04.23"
"The Blacklist: Staffel 5: Untergang","30.04.23"
"The Blacklist: Staffel 5: Ian Garvey (Nr. 13) – Teil 1","30.04.23"
"Inside Man: Staffel 1: Folge 1","28.04.23"
"The Blacklist: Staffel 5: Familie Kilgannon (Nr. 48)","26.04.23"
"The Blacklist: Staffel 5: Die Reiseagentur (Nr. 90)","24.04.23"
"The Blacklist: Staffel 5: Ilyas Surkov (Nr. 54)","23.04.23"
"The Blacklist: Staffel 5: Der Endling (Nr. 44)","23.04.23"
"The Blacklist: Staffel 5: Rebecca Thrall (Nr. 76)","22.04.23"
"The Blacklist: Staffel 5: Greyson Blaise (Nr. 37)","21.04.23"
"The Blacklist: Staffel 5: Smokey Putnum (Nr. 30)","21.04.23"
"The Blacklist: Staffel 4: Mr. Kaplan (Nr. 4) – Teil 2","20.04.23"
"The Blacklist: Staffel 4: Mr. Kaplan (Nr. 4) – Teil 1","20.04.23"
"The Blacklist: Staffel 4: Der Schuldeneintreiber (Nr. 46)","19.04.23"
"The Blacklist: Staffel 4: Dr. Bogdan Krilov (Nr. 29)","18.04.23"
"The Blacklist: Staffel 4: Philomena (Nr. 61)","17.04.23"
"The Blacklist: Staffel 4: Requiem","16.04.23"
"The Blacklist: Staffel 4: Dembe Zuma (Nr. 10)","16.04.23"
"The Blacklist: Staffel 4: Der Apotheker (Nr. 59)","16.04.23"
"The Blacklist: Staffel 4: Der Architekt (Nr. 107)","16.04.23"
"The Blacklist: Staffel 4: Isabella Stone (Nr. 34)","16.04.23"
"The Blacklist: Staffel 4: Natalie Luca (Nr. 184)","16.04.23"
"The Last Kingdom: Seven Kings Must Die","15.04.23"
"The Blacklist: Staffel 4: Der Harem (Nr. 102)","15.04.23"
"The Blacklist: Staffel 4: Der Prognostiker (Nr. 163)","15.04.23"
"The Blacklist: Staffel 4: Lipets Fischereierzeugnisse (Nr. 111)","14.04.23"
"The Blacklist: Staffel 4: Dr. Adrian Shaw (Nr. 98) – Teil 2","14.04.23"
"The Blacklist: Staffel 4: Dr. Adrian Shaw (Nr. 98) – Teil 1","14.04.23"
"The Blacklist: Staffel 4: Die Drosseln (Nr. 53)","12.04.23"
"The Blacklist: Staffel 4: Der Lindquist-Konzern (Nr. 105)","12.04.23"
"The Blacklist: Staffel 4: Gaia (Nr. 81)","11.04.23"
"The Blacklist: Staffel 4: Miles McGrath (Nr. 65)","11.04.23"
"The Blacklist: Staffel 4: Mato (Nr. 66)","10.04.23"
"The Blacklist: Staffel 4: Esteban (Nr. 79)","10.04.23"
"The Blacklist: Staffel 3: Alexander Kirk (Nr. 14) (2)","09.04.23"
"The Blacklist: Staffel 3: Alexander Kirk (Nr. 14) (1)","09.04.23"
"The Blacklist: Staffel 3: Susan Hargrave (Nr. 18)","09.04.23"
"The Blacklist: Staffel 3: Das Artax-Netzwerk (Nr. 41)","09.04.23"
"The Blacklist: Staffel 3: Cape May","09.04.23"
"The Blacklist: Staffel 3: Mr. Solomon (Nr. 32) (2)","08.04.23"
"The Blacklist: Staffel 3: Mr. Solomon (Nr. 32) (1)","08.04.23"
"The Blacklist: Staffel 3: The Caretaker (No. 78)","07.04.23"
"The Blacklist: Staffel 3: Drexel (No. 113)","06.04.23"
"The Blacklist: Staffel 3: Lady Ambrosia (Nr. 77)","06.04.23"
"The Blacklist: Staffel 3: Alistair Pitt (Nr. 103)","05.04.23"
"The Blacklist: Staffel 3: Das Femgericht (Nr. 132)","05.04.23"
"The Blacklist: Staffel 3: Gregory Devry (Nr. 95)","04.04.23"
"The Blacklist: Staffel 3: Der Direktor (Nr. 24) – Teil 2","04.04.23"
"The Blacklist: Staffel 3: Der Direktor (Nr. 24) – Teil 1","03.04.23"
"The Blacklist: Staffel 3: Könige der Straße (Nr. 108)","03.04.23"
"The Blacklist: Staffel 3: Zal Bin Hasaan (Nr. 31)","01.04.23"
"The Blacklist: Staffel 3: Sir Crispin Crandall (Nr. 86)","30.03.23"
"The Blacklist: Staffel 3: Arioch Cain (Nr. 50)","30.03.23"
"The Blacklist: Staffel 3: Der Dschinn (Nr. 43)","30.03.23"
"The Blacklist: Staffel 3: Eli Matchett (Nr. 72)","28.03.23"
"The Blacklist: Staffel 3: Marvin Gerard (Nr. 80)","28.03.23"
"The Blacklist: Staffel 3: Der Troll Farmer (Nr. 38)","28.03.23"
"The Blacklist: Staffel 2: Tom Connolly (Nr. 11)","28.03.23"
"The Blacklist: Staffel 2: Karakurt (Nr. 55)","27.03.23"
"The Blacklist: Staffel 2: Quon Zhang (Nr. 87)","26.03.23"
"The Blacklist: Staffel 2: Leonard Caul (Nr. 62)","24.03.23"
"The Blacklist: Staffel 2: Vanessa Cruz (Nr. 117)","23.03.23"
"The Blacklist: Staffel 2: Das Projekt „Ewiges Leben“ (Nr. 97)","23.03.23"
"The Blacklist: Staffel 2: Tom Keen (Nr. 7)","22.03.23"
"The Blacklist: Staffel 2: Der Major (Nr. 75)","21.03.23"
"The Blacklist: Staffel 2: T. Earl King VI (Nr. 94)","21.03.23"
"The Blacklist: Staffel 2: Der Hirschjäger (Nr. 93)","21.03.23"
"The Blacklist: Staffel 2: Die Kenyon Familie (Nr. 71)","20.03.23"
"The Blacklist: Staffel 2: Ruslan Denisov (Nr. 67)","20.03.23"
"The Blacklist: Staffel 2: Luther Braxton (Nr. 21) (2)","19.03.23"
"The Blacklist: Staffel 2: Luther Braxton (Nr. 21) (1)","19.03.23"
"The Blacklist: Staffel 2: Der Dekabrist (Nr. 12)","18.03.23"
"The Blacklist: Staffel 2: Der Krummsäbel (Nr. 22)","18.03.23"
"The Blacklist: Staffel 2: Mombasa Cartel (Nr. 114)","17.03.23"
"The Blacklist: Staffel 2: Die Front (Nr. 74)","16.03.23"
"The Blacklist: Staffel 2: Dr. Linus Creel (Nr. 82)","16.03.23"
"The Blacklist: Staffel 2: Dr. James Covington (Nr. 89)","16.03.23"
"The Blacklist: Staffel 2: Monarch Douglas Bank (Nr. 112)","16.03.23"
"The Blacklist: Staffel 2: Lord Baltimore (Nr. 104)","16.03.23"
"The Blacklist: Staffel 1: Berlin (Nr. 08) – Teil 2","16.03.23"
"The Blacklist: Staffel 1: Berlin (Nr. 08) – Teil 1","16.03.23"
"The Blacklist: Staffel 1: Der Königsmacher (Nr. 42)","15.03.23"
"The Blacklist: Staffel 1: Die Pavlovich Brüder (Nr. 119 – 122)","15.03.23"
"The Blacklist: Staffel 1: Milton Bobbit (Nr. 135)","15.03.23"
"The Blacklist: Staffel 1: Ivan (Nr. 88)","14.03.23"
"The Blacklist: Staffel 1: Mako Tanida (Nr. 83)","14.03.23"
"The Blacklist: Staffel 1: Der Richter (Nr. 57)","14.03.23"
"The Blacklist: Staffel 1: Madeline Pratt (Nr. 73)","14.03.23"
"The Blacklist: Staffel 1: Die Cyprus Agency (Nr. 64)","14.03.23"
"The Blacklist: Staffel 1: Der Alchemist (Nr. 101)","14.03.23"
"The Blacklist: Staffel 1: Der gute Samariter (Nr. 106)","14.03.23"
"The Blacklist: Staffel 1: Anslo Garrick (Nr. 16) – Teil 2","13.03.23"
"The Blacklist: Staffel 1: Anslo Garrick (Nr. 16) – Teil 1","13.03.23"
"The Blacklist: Staffel 1: General Ludd (Nr. 109)","13.03.23"
"The Blacklist: Staffel 1: Frederick Barnes (Nr. 47)","12.03.23"
"The Blacklist: Staffel 1: Gina Zanetakos (Nr. 152)","12.03.23"
"The Blacklist: Staffel 1: Der Kurier (Nr. 85)","12.03.23"
"The Blacklist: Staffel 1: Stanley R. Kornish (Nr. 161)","11.03.23"
"The Blacklist: Staffel 1: Wujing (Nr. 84)","10.03.23"
"The Blacklist: Staffel 1: Der Freelancer (Nr. 145)","10.03.23"
"Drei Leben: Staffel 1: Zurück auf Anfang","08.03.23"
"Drei Leben: Staffel 1: Die Hand an der Wiege","08.03.23"
"Drei Leben: Staffel 1: Das Experiment","07.03.23"
"Drei Leben: Staffel 1: Öl und Wasser","07.03.23"
"Drei Leben: Staffel 1: Werde ich verrückt?","06.03.23"
"Drei Leben: Staffel 1: Herrenclub Olympia","06.03.23"
"Drei Leben: Staffel 1: Molotowcocktail","03.03.23"
"Drei Leben: Staffel 1: 33 × 3","03.03.23"
"The Last Kingdom: Staffel 5: Folge 10","01.03.23"
"The Last Kingdom: Staffel 5: Folge 9","01.03.23"
"The Last Kingdom: Staffel 5: Folge 8","01.03.23"
"The Last Kingdom: Staffel 5: Folge 7","01.03.23"
"The Last Kingdom: Staffel 5: Folge 6","28.02.23"
"The Last Kingdom: Staffel 5: Folge 5","28.02.23"
"The Last Kingdom: Staffel 5: Folge 4","28.02.23"
"The Last Kingdom: Staffel 5: Folge 3","28.02.23"
"The Last Kingdom: Staffel 5: Folge 2","27.02.23"
"The Last Kingdom: Staffel 5: Folge 1","26.02.23"
"The Last Kingdom: Staffel 4: Folge 10","26.02.23"
"The Last Kingdom: Staffel 4: Folge 9","25.02.23"
"The Last Kingdom: Staffel 4: Folge 8","25.02.23"
"The Last Kingdom: Staffel 4: Folge 7","25.02.23"
"The Last Kingdom: Staffel 4: Folge 6","25.02.23"
"The Last Kingdom: Staffel 4: Folge 5","24.02.23"
"The Last Kingdom: Staffel 4: Folge 4","23.02.23"
"The Last Kingdom: Staffel 4: Folge 3","22.02.23"
"The Last Kingdom: Staffel 4: Folge 2","21.02.23"
"The Last Kingdom: Staffel 4: Folge 1","18.02.23"
"The Last Kingdom: Staffel 3: Folge 10","16.02.23"
"The Last Kingdom: Staffel 3: Folge 9","15.02.23"
"The Last Kingdom: Staffel 3: Folge 8","14.02.23"
"The Last Kingdom: Staffel 3: Folge 7","12.02.23"
"The Last Kingdom: Staffel 3: Folge 6","12.02.23"
"The Last Kingdom: Staffel 3: Folge 5","12.02.23"
"The Last Kingdom: Staffel 3: Folge 4","12.02.23"
"The Last Kingdom: Staffel 3: Folge 3","11.02.23"
"The Last Kingdom: Staffel 3: Folge 2","11.02.23"
"The Last Kingdom: Staffel 3: Folge 1","11.02.23"
"The Last Kingdom: Staffel 2: Folge 8","08.02.23"
"The Last Kingdom: Staffel 2: Folge 7","05.02.23"
"The Last Kingdom: Staffel 2: Folge 6","05.02.23"
"The Last Kingdom: Staffel 2: Folge 5","04.02.23"
"The Last Kingdom: Staffel 2: Folge 4","03.02.23"
"The Last Kingdom: Staffel 2: Folge 3","02.02.23"
"The Last Kingdom: Staffel 2: Folge 2","31.01.23"
"The Last Kingdom: Staffel 2: Folge 1","28.01.23"
"The Last Kingdom: Staffel 1: Folge 8","28.01.23"
"The Last Kingdom: Staffel 1: Folge 7","27.01.23"
"The Last Kingdom: Staffel 1: Folge 6","27.01.23"
"The Last Kingdom: Staffel 1: Folge 5","27.01.23"
"The Last Kingdom: Staffel 1: Folge 4","27.01.23"
"The Last Kingdom: Staffel 1: Folge 3","27.01.23"
"The Last Kingdom: Staffel 1: Folge 2","27.01.23"
"The Last Kingdom: Staffel 1: Folge 1","26.01.23"
"Kaleidoskop: Miniserie: Weiß (Der Diebstahl)","24.01.23"
"Kaleidoskop: Miniserie: Pink (6 Monate nach dem Diebstahl)","23.01.23"
"Kaleidoskop: Miniserie: Rot (Der Morgen nach dem Diebstahl)","22.01.23"
"Kaleidoskop: Miniserie: Blau (5 Tage vor dem Diebstahl)","22.01.23"
"Kaleidoskop: Miniserie: Lila (24 Jahre vor dem Diebstahl)","21.01.23"
"Kaleidoskop: Miniserie: Orange (3 Wochen vor dem Diebstahl)","18.01.23"
"Kaleidoskop: Miniserie: Grün (7 Jahre vor dem Diebstahl)","18.01.23"
"Kaleidoskop: Miniserie: Gelb (6 Wochen vor dem Diebstahl)","15.01.23"
"Kaleidoskop: Miniserie: Schwarz","15.01.23"
"Der denkwürdige Fall des Mr Poe","13.01.23"
"Wednesday: Staffel 1: Ein Leid kommt selten allein","11.01.23"
"Wednesday: Staffel 1: Kommt Leid, kommt Rat","09.01.23"
"Totenfrau: Season 1: Im Reich der Toten","08.01.23"
"Wednesday: Staffel 1: Leid pro quo","08.01.23"
"Wednesday: Staffel 1: Wer Leid sät …","07.01.23"
"Wednesday: Staffel 1: Bei Leid und Trank","06.01.23"
"Wednesday: Staffel 1: Freund und Leid liegen nah beieinander","06.01.23"
"Wednesday: Staffel 1: Trautes Heim, Leid allein","05.01.23"
"Wednesday: Staffel 1: Mittwochskind trägt großes Leid","04.01.23"
"The Witcher: Blood Origin: Miniserie: Von Magie, Macht und monströsen Missständen","27.12.22"
"The Witcher: Blood Origin: Miniserie: Von Waffen, Wahrheiten und wundersamen Welten","27.12.22"
"The Witcher: Blood Origin: Miniserie: Von Träumen, Trotz und trostlosen Taten","27.12.22"
"The Witcher: Blood Origin: Miniserie: Von Balladen, Betrug und blutigen Blättern","27.12.22"
"Glass Onion: A Knives Out Mystery","26.12.22"
"The Witcher: Kaminfeuer","26.12.22"
"Hangover","23.12.22"
"Zurück in die Zukunft III","19.12.22"
"Zurück in die Zukunft Teil II","18.12.22"
"Knives Out – Mord ist Familiensache","17.12.22"
"Zurück in die Zukunft","10.12.22"
"Das Universum: Miniserie: Der Wechsel der Jahreszeiten","09.12.22"
"Das Universum: Miniserie: Die kosmische Uhr","07.12.22"
"Das Universum: Miniserie: Die Jagd im Sternenlicht","06.12.22"
"Enola Holmes 2","02.12.22"
"1899: Staffel 1: Der Schlüssel","27.11.22"
"1899: Staffel 1: Der Sturm","27.11.22"
"1899: Staffel 1: Die Pyramide","26.11.22"
"1899: Staffel 1: Der Ruf","26.11.22"
"1899: Staffel 1: Der Kampf","21.11.22"
"1899: Staffel 1: Der Nebel","20.11.22"
"Enola Holmes","19.11.22"
"1899: Staffel 1: Der Junge","18.11.22"
"1899: Staffel 1: Das Schiff","17.11.22"
"Locke & Key: Staffel 3: Der Vorhang","14.11.22"
"Manifest: Staffel 4: Die Entscheidung","06.11.22"
"Manifest: Staffel 4: Der Kompass","06.11.22"
"Manifest: Staffel 4: Die Berufung","06.11.22"
"Manifest: Staffel 4: Das Date","06.11.22"
"Manifest: Staffel 4: Die Kugeln","05.11.22"
"Manifest: Staffel 4: Der Alleingang","05.11.22"
"Manifest: Staffel 4: Die Antwort","05.11.22"
"Manifest: Staffel 4: Der Co-Pilot","05.11.22"
"Manifest: Staffel 4: Die Blackbox","05.11.22"
"Im Westen nichts Neues","28.10.22"
"The Quick and the Dead_hook_primary_16x9","25.10.22"
"Schneller als der Tod","25.10.22"
"Miniserie (Clip 2): Inventing Anna","25.10.22"
"The Society: Staffel 1 (Trailer)","25.10.22"
"Staffel 4 (Teaser): Manifest","25.10.22"
"Teaser 2: The Good Nurse","25.10.22"
"Staffel 1 (Trailer): Guillermo del Toro's Cabinet of Curiosities","25.10.22"
"Manifest: Staffel 3: Versenkt","16.10.22"
"Blood Diamond","15.10.22"
"Shutter Island","15.10.22"
"Locke & Key: Staffel 3: Ungebetene Gäste","14.10.22"
"Minions und mehr 1","01.10.22"
"Catch Me If You Can","17.09.22"
"I Came By","09.09.22"
"The Gray Man","01.09.22"
"Sandman: Staffel 1: Der Schlaf der Gerechten","26.08.22"
"Better Call Saul: Staffel 6: Saul ist weg","16.08.22"
"Glitch: Staffel 1: Die Wiederauferstandenen","15.08.22"
"Keep Breathing: Miniserie: Sie sind zu Hause","14.08.22"
"Keep Breathing: Miniserie: Wirklichkeit und Traum","14.08.22"
"Keep Breathing: Miniserie: Abflug","13.08.22"
"Keep Breathing: Miniserie: Bedürfnispyramide","13.08.22"
"Keep Breathing: Miniserie: Feuer und Wasser","12.08.22"
"Keep Breathing: Miniserie: Ankunft","12.08.22"
"Better Call Saul: Staffel 6: Tränen","11.08.22"
"Better Call Saul: Staffel 6: Rein oder raus?","10.08.22"
"Better Call Saul: Staffel 6: Nippy","09.08.22"
"Buba","08.08.22"
"Manifest: Staffel 3: Blut","03.08.22"
"Better Call Saul: Staffel 6: Spaß und Streiche","02.08.22"
"Manifest: Staffel 3: Moses und Aaron","02.08.22"
"Manifest: Staffel 3: Feuerprobe","02.08.22"
"Manifest: Staffel 3: Geständnis","01.08.22"
"Manifest: Staffel 3: Saphir","31.07.22"
"Manifest: Staffel 3: Rettungsboot","31.07.22"
"Manifest: Staffel 3: Drei Schatten","30.07.22"
"Manifest: Staffel 3: Einhorn","29.07.22"
"Manifest: Staffel 3: Isis und Osiris","28.07.22"
"Manifest: Staffel 3: Pfauenfeder","27.07.22"
"Manifest: Staffel 3: Zeitkapsel","27.07.22"
"Manifest: Staffel 3: Auferstanden","27.07.22"
"Manifest: Staffel 2: Unter dem Eis","27.07.22"
"Manifest: Staffel 2: Hochzeit","26.07.22"
"Manifest: Staffel 2: Lass ihn gehen!","26.07.22"
"Manifest: Staffel 2: Zeichen und Wunder","26.07.22"
"Rick and Morty: Staffel 4: Der Tod steht ihm gut","26.07.22"
"Manifest: Staffel 2: Spinnennetz","26.07.22"
"Manifest: Staffel 2: Pfad der Erleuchtung","26.07.22"
"Manifest: Staffel 2: Anschlag","26.07.22"
"Manifest: Staffel 2: Tarot","26.07.22"
"Manifest: Staffel 2: Kirche der Gläubigen","26.07.22"
"Manifest: Staffel 2: Ein gutes Herz kann viel bewirken","26.07.22"
"Manifest: Staffel 2: Gargoyle","26.07.22"
"Manifest: Staffel 2: Unter falschem Verdacht","26.07.22"
"Manifest: Staffel 2: Rette die Passagiere","26.07.22"
"Manifest: Staffel 1: Zeitpunkt des Todes","25.07.22"
"Manifest: Staffel 1: Bombendrohung","25.07.22"
"Manifest: Staffel 1: Die Gesegneten","25.07.22"
"Manifest: Staffel 1: Rote Kreuze","25.07.22"
"Manifest: Staffel 1: Zeichnungen","25.07.22"
"Manifest: Staffel 1: Dunkle Blitze","25.07.22"
"Manifest: Staffel 1: Fremde Stimme","25.07.22"
"Manifest: Staffel 1: Falsches Spiel","25.07.22"
"Manifest: Staffel 1: Todesengel","25.07.22"
"Manifest: Staffel 1: Herzschlag","25.07.22"
"Manifest: Staffel 1: Fieber","25.07.22"
"Manifest: Staffel 1: Im Untergrund","25.07.22"
"Manifest: Staffel 1: Blinder Passagier","25.07.22"
"Manifest: Staffel 1: Lege deine Wahrheit dar","25.07.22"
"Manifest: Staffel 1: Sündenbock","25.07.22"
"Manifest: Staffel 1: Pilotfolge","25.07.22"
"Rick and Morty: Staffel 1: Die Monster-Party","23.07.22"
"Rick and Morty: Staffel 1: Ein Rick kommt selten allein","23.07.22"
"Rick and Morty: Staffel 1: Krise im Fluchhandel","23.07.22"
"Rick and Morty: Staffel 1: Was wäre wenn?","23.07.22"
"Rick and Morty: Staffel 1: Morty Junior","23.07.22"
"Rick and Morty: Staffel 1: Rick Potion No. 9","22.07.22"
"Rick and Morty: Staffel 1: Der Fantastische Mr. Meeseeks","22.07.22"
"Rick and Morty: Staffel 1: M. Night Shaym-Aliens!","22.07.22"
"Rick and Morty: Staffel 1: Anatomie-Park","22.07.22"
"Rick and Morty: Staffel 1: Der Rasenmäher-Hund","21.07.22"
"Rick and Morty: Staffel 4: Star Mort Rickturn of the Jerri","19.07.22"
"Rick and Morty: Staffel 4: Urgeknallt","19.07.22"
"Rick and Morty: Staffel 4: Die Säurefass-Episode","19.07.22"
"Rick and Morty: Staffel 4: Eier für alle und alles für Eier","19.07.22"
"Rick and Morty: Staffel 4: Lug und Trug im Zug","19.07.22"
"Rick and Morty: Staffel 4: Terminatter: Genizisch","19.07.22"
"Rick and Morty: Staffel 4: Drachenschämen leicht gemacht","19.07.22"
"Rick and Morty: Staffel 4: Der Heist-Meister","18.07.22"
"Rick and Morty: Staffel 4: Das stillste Örtchen","18.07.22"
"Rick and Morty: Staffel 3: Friede, Freude, Eierkuchen","17.07.22"
"Rick and Morty: Staffel 3: Der König und die Kriegerin","16.07.22"
"Rick and Morty: Staffel 3: Kopfkino","16.07.22"
"Rick and Morty: Staffel 3: Atlantis ist nur einmal im Jahr","16.07.22"
"Rick and Morty: Staffel 3: Nicht ohne meine Toxine","16.07.22"
"Rick and Morty: Staffel 3: Schmeiß den Opa aus dem Zug","16.07.22"
"Rick and Morty: Staffel 3: Vindicators 3: Worldenders Rückkehr","16.07.22"
"Rick and Morty: Staffel 3: Gurken-Rick","15.07.22"
"Rick and Morty: Staffel 3: Jenseits der Blutkuppel","15.07.22"
"Rick and Morty: Staffel 3: Raus aus meinem Kopf!","15.07.22"
"Rick and Morty: Staffel 2: Die Vogelmenschhochzeit","14.07.22"
"Rick and Morty: Staffel 2: Anarchie für Anfänger","13.07.22"
"Rick and Morty: Staffel 2: Wer A sagt, muss auch Penis sagen","13.07.22"
"Rick and Morty: Staffel 2: Jugendwahn","12.07.22"
"Better Call Saul: Staffel 6: Draufhalten und abdrücken","12.07.22"
"Rick and Morty: Staffel 2: Die Götter müssen verRickt sein","11.07.22"
"Rick and Morty: Staffel 2: Recall im Weltall","11.07.22"
"The Guilty","10.07.22"
"Stranger Things: Stranger Things 4: Kapitel neun: Huckepack","07.07.22"
"Stranger Things: Stranger Things 4: Kapitel acht: Papa","07.07.22"
"Rick and Morty: Staffel 5: Rickmurai Jack","04.07.22"
"Rick and Morty: Staffel 5: Americkanische Krähvolution","04.07.22"
"Rick and Morty: Staffel 5: Verrick mein nicht!","03.07.22"
"Rick and Morty: Staffel 5: GoTronFellas – Robo-Frettchen in der Mafia","03.07.22"
"Rick and Morty: Staffel 5: Im Truthahn des Feindes","03.07.22"
"Rick and Morty: Staffel 5: Die in die Hölle gehen","02.07.22"
"Rick and Morty: Staffel 5: Spermageddon","01.07.22"
"Rick and Morty: Staffel 5: Lebe lieber umweltfreundlich","01.07.22"
"Rick and Morty: Staffel 5: Es kann nur viele geben","30.06.22"
"Rick and Morty: Staffel 5: Versauter Feind","30.06.22"
"The Umbrella Academy: Staffel 1: Wir sehen uns nur bei Hochzeiten und Beerdigungen","28.06.22"
"The Big Short","22.06.22"
"Der Spinnenkopf","20.06.22"
"Brooklyn Nine-Nine: Staffel 1: Wir fangen Verbrecher und sehen gut dabei aus","18.06.22"
"Love, Death & Robots: Ausgabe 3: Drei Roboter: Rückzugsstrategien","18.06.22"
"Better Call Saul: Staffel 6: Plan und Ausführung","15.06.22"
"American Psycho","11.06.22"
"Stranger Things: Stranger Things 4: Kapitel vier: Lieber Billy","02.06.22"
"Stranger Things: Stranger Things 4: Kapitel sieben: Das Massaker im Hawkins Lab","02.06.22"
"Stranger Things: Stranger Things 4: Kapitel sechs: Auf Tiefgang","02.06.22"
"Stranger Things: Stranger Things 4: Kapitel fünf: Das Nina-Projekt","02.06.22"
"Stranger Things: Stranger Things 4: Kapitel drei: Das Monster und die Superheldin","28.05.22"
"Stranger Things: Stranger Things 4: Kapitel zwei: Vecnas Fluch","27.05.22"
"Stranger Things: Stranger Things 4: Kapitel eins: Der Höllenfeuer-Club","27.05.22"
"Better Call Saul: Staffel 6: Hacken und schleifen","24.05.22"
"El Camino: Ein „Breaking Bad“-Film","22.05.22"
"Der große Gatsby","21.05.22"
"Lionheart","11.05.22"
"Better Call Saul: Staffel 6: Blaue Flecken","10.05.22"
"Better Call Saul: Staffel 6: Die wandelnde Eiterbeule","03.05.22"
"Better Call Saul: Staffel 6: Pest und Cholera","26.04.22"
"Django Unchained","22.04.22"
"Unsere wunderbaren Nationalparks: Miniserie: Eine Welt der Wunder","21.04.22"
"Better Call Saul: Staffel 6: Zuckerbrot und Peitsche","20.04.22"
"Better Call Saul: Staffel 6: Wein und Rosen","19.04.22"
"Peaky Blinders – Gangs of Birmingham: Staffel 3: Folge 3","18.04.22"
"Stromberg: Staffel 1: Der Parkplatz","18.04.22"
"Harry Potter und der Orden des Phönix","18.04.22"
"Better Call Saul: Staffel 5: Etwas Unentschuldbares","17.04.22"
"Better Call Saul: Staffel 5: Miese Entscheidungen","16.04.22"
"Better Call Saul: Staffel 5: Mittelsmann","15.04.22"
"Departed – Unter Feinden","14.04.22"
"Better Call Saul: Staffel 5: JMM","14.04.22"
"Better Call Saul: Staffel 5: Wexler ./. Goodman","14.04.22"
"Better Call Saul: Staffel 5: Mit vollem Einsatz","13.04.22"
"Better Call Saul: Staffel 5: Namaste","13.04.22"
"Better Call Saul: Staffel 5: Der Mann dafür","13.04.22"
"Better Call Saul: Staffel 5: 50 Prozent Rabatt","13.04.22"
"Better Call Saul: Staffel 5: Der Magier","12.04.22"
"Better Call Saul: Staffel 4: Winner","12.04.22"
"Better Call Saul: Staffel 4: Wiedersehen","12.04.22"
"Better Call Saul: Staffel 4: Coushatta","12.04.22"
"Better Call Saul: Staffel 4: Something Stupid","11.04.22"
"Better Call Saul: Staffel 4: Piñata","11.04.22"
"Better Call Saul: Staffel 4: Eine wilde Fahrt","11.04.22"
"Better Call Saul: Staffel 4: Reden","10.04.22"
"Better Call Saul: Staffel 4: Was Gutes","09.04.22"
"Better Call Saul: Staffel 4: Atmen","08.04.22"
"Better Call Saul: Staffel 4: Rauch","08.04.22"
"Better Call Saul: Staffel 3: Laterne","07.04.22"
"Better Call Saul: Staffel 3: Fall","07.04.22"
"Better Call Saul: Staffel 3: Ausrutscher","07.04.22"
"Better Call Saul: Staffel 3: Unkosten","06.04.22"
"Better Call Saul: Staffel 3: Werbefuzzi","06.04.22"
"Better Call Saul: Staffel 3: Schikane","05.04.22"
"Baki Hanma: Staffel 1: Der stärkste Schüler der Welt","05.04.22"
"Better Call Saul: Staffel 3: Sabrosito","04.04.22"
"Better Call Saul: Staffel 3: Versunkene Kosten","04.04.22"
"Better Call Saul: Staffel 3: Zeuge","03.04.22"
"Better Call Saul: Staffel 3: Mabel","03.04.22"
"Better Call Saul: Staffel 2: Klick","02.04.22"
"Better Call Saul: Staffel 2: Nägel mit Köpfen","01.04.22"
"Better Call Saul: Staffel 2: Fifi","31.03.22"
"Better Call Saul: Staffel 2: Aufgebläht","31.03.22"
"Better Call Saul: Staffel 2: Bali Ha'i","30.03.22"
"Better Call Saul: Staffel 2: Rebecca","30.03.22"
"Better Call Saul: Staffel 2: Harte Bandagen","30.03.22"
"Better Call Saul: Staffel 2: Amarillo","30.03.22"
"Better Call Saul: Staffel 2: Kuchen","28.03.22"
"Better Call Saul: Staffel 2: Wechsel","28.03.22"
"Better Call Saul: Staffel 1: Marco","27.03.22"
"Better Call Saul: Staffel 1: Käse","27.03.22"
"Better Call Saul: Staffel 1: Die Klage","27.03.22"
"Better Call Saul: Staffel 1: Bingo","27.03.22"
"Better Call Saul: Staffel 1: Bullen","26.03.22"
"Better Call Saul: Staffel 1: Schäferbub","25.03.22"
"Better Call Saul: Staffel 1: Held","25.03.22"
"Better Call Saul: Staffel 1: Nacho","24.03.22"
"Better Call Saul: Staffel 1: Mijo","23.03.22"
"The Seven Deadly Sins: Kaiserlicher Zorn der Götter: Erinnerungen an den heiligen Krieg","23.03.22"
"Better Call Saul: Staffel 1: Anfänge","22.03.22"
"Breaking Bad: Staffel 5: Felina","18.03.22"
"Breaking Bad: Staffel 5: Granit-Staat","18.03.22"
"Breaking Bad: Staffel 5: Ozymandias","18.03.22"
"Breaking Bad: Staffel 5: To’hajiilee","18.03.22"
"Breaking Bad: Staffel 5: Tollwütiger Hund","18.03.22"
"Breaking Bad: Staffel 5: Geständnisse","14.03.22"
"Breaking Bad: Staffel 5: Begraben","14.03.22"
"Breaking Bad: Staffel 5: Blutgeld","14.03.22"
"Breaking Bad: Staffel 5: Walt Whitman „Gliding over All“","13.03.22"
"Breaking Bad: Staffel 5: Sagen Sie meinen Namen","12.03.22"
"Breaking Bad: Staffel 5: Buyout","12.03.22"
"Sherlock Holmes: Spiel im Schatten","09.03.22"
"Breaking Bad: Staffel 5: Tödliche Fracht","09.03.22"
"Breaking Bad: Staffel 5: 51.0","09.03.22"
"Breaking Bad: Staffel 5: Gefahrenzulage","08.03.22"
"Breaking Bad: Staffel 5: Madrigal","07.03.22"
"Breaking Bad: Staffel 5: Lebe frei oder stirb","07.03.22"
"Breaking Bad: Staffel 4: Von Angesicht zu Angesicht","05.03.22"
"Breaking Bad: Staffel 4: Endzeit","05.03.22"
"Dark: Staffel 3: Das Paradies","04.03.22"
"Breaking Bad: Staffel 4: Flucht","04.03.22"
"Breaking Bad: Staffel 4: Prost!","03.03.22"
"Breaking Bad: Staffel 4: Verwanzt","03.03.22"
"Breaking Bad: Staffel 4: Brüder","02.03.22"
"Breaking Bad: Staffel 4: Problemhund","01.03.22"
"Breaking Bad: Staffel 4: In die Ecke getrieben","01.03.22"
"Breaking Bad: Staffel 4: Schrotflinte","28.02.22"
"Breaking Bad: Staffel 4: Abgehakt","28.02.22"
"Breaking Bad: Staffel 4: Offenes Haus","27.02.22"
"Breaking Bad: Staffel 4: Kaliber 38","27.02.22"
"Breaking Bad: Staffel 4: Das Teppichmesser","26.02.22"
"The Dark Knight Rises","25.02.22"
"The Dark Knight","24.02.22"
"Batman Begins","21.02.22"
"Deadpool 2","19.02.22"
"StartUp: Staffel 3: Ernten, was man säht","18.02.22"
"StartUp: Staffel 3: Das Virus","18.02.22"
"StartUp: Staffel 3: Alter Ronnie, neuer Ronnie","18.02.22"
"StartUp: Staffel 3: Beschränkte Haftung","17.02.22"
"StartUp: Staffel 3: Legitimation","16.02.22"
"StartUp: Staffel 3: Streuung","16.02.22"
"StartUp: Staffel 3: Wertminderung","16.02.22"
"Headspace: Eine Meditationsanleitung: Staffel 1: Sein unbeschränktes Potenzial entfalten","15.02.22"
"StartUp: Staffel 3: Feuerprobe","15.02.22"
"Headspace: Eine Meditationsanleitung: Staffel 1: Umgang mit Wut","14.02.22"
"StartUp: Staffel 3: Das Kräftemessen","14.02.22"
"StartUp: Staffel 3: Neuausrichtung","14.02.22"
"Headspace: Eine Meditationsanleitung: Staffel 1: Umgang mit Schmerz","13.02.22"
"StartUp: Staffel 2: Soul Proprietor","13.02.22"
"StartUp: Staffel 2: Leverage","13.02.22"
"StartUp: Staffel 2: Opportunity Cost","12.02.22"
"Headspace: Eine Meditationsanleitung: Staffel 1: Gütig sein","11.02.22"
"StartUp: Staffel 2: Growth Hacking","11.02.22"
"Headspace: Eine Meditationsanleitung: Staffel 1: Umgang mit Stress","09.02.22"
"StartUp: Staffel 2: Liabilities","09.02.22"
"StartUp: Staffel 2: Pivot","09.02.22"
"Headspace: Eine Meditationsanleitung: Staffel 1: Das Leben lieben lernen","08.02.22"
"Headspace: Eine Meditationsanleitung: Staffel 1: Loslassen","07.02.22"
"Headspace: Eine Meditationsanleitung: Staffel 1: Einleitung","06.02.22"
"StartUp: Staffel 2: Loss","05.02.22"
"StartUp: Staffel 2: Early Adopters","04.02.22"
"StartUp: Staffel 2: Bleeding Edge","03.02.22"
"StartUp: Staffel 2: Disruption","02.02.22"
"StartUp: Staffel 1: Recapitalization","02.02.22"
"StartUp: Staffel 1: Hostile Takeover","02.02.22"
"StartUp: Staffel 1: Pro Rata","01.02.22"
"StartUp: Staffel 1: Valuation","31.01.22"
"Don't Look Up","30.01.22"
"StartUp: Staffel 1: Bootstrapped","30.01.22"
"StartUp: Staffel 1: Buyout","28.01.22"
"StartUp: Staffel 1: Angel Investor","27.01.22"
"StartUp: Staffel 1: Proof of Concept","26.01.22"
"StartUp: Staffel 1: Ground Floor","26.01.22"
"StartUp: Staffel 1: Seed Money","25.01.22"
"Kein Friede den Toten: Miniserie: Folge 8","24.01.22"
"Kein Friede den Toten: Miniserie: Folge 7","23.01.22"
"Kein Friede den Toten: Miniserie: Folge 6","22.01.22"
"Kein Friede den Toten: Miniserie: Folge 5","22.01.22"
"Kein Friede den Toten: Miniserie: Folge 4","20.01.22"
"Kein Friede den Toten: Miniserie: Folge 3","20.01.22"
"Kein Friede den Toten: Miniserie: Folge 2","19.01.22"
"Kein Friede den Toten: Miniserie: Folge 1","19.01.22"
"Das Büro: Staffel 1: Gesundheitsapostel","16.01.22"
"Das Büro: Staffel 1: Tag der Vielfalt","16.01.22"
"Das Büro: Staffel 1: Pilotfolge","15.01.22"
"Harry Potter und der Feuerkelch","15.01.22"
"Harry Potter und der Gefangene von Askaban","14.01.22"
"Harry Potter und die Kammer des Schreckens","12.01.22"
"Harry Potter und der Stein der Weisen","12.01.22"
"Phantastische Tierwesen: Grindelwalds Verbrechen","11.01.22"
"Phantastische Tierwesen und wo sie zu finden sind","10.01.22"
"The Witcher: Staffel 2: Familie","05.01.22"
"The Witcher: Staffel 2: Voleth Meir","05.01.22"
"The Witcher: Staffel 2: Lieber Freund …","05.01.22"
"Fantastic Beasts: The Crimes of Grindelwald_hook_03_16x9","01.01.22"
"The Witcher: Staffel 2: Entscheidungen","01.01.22"
"The Witcher: Staffel 2: Redanische Spionage","30.12.21"
"The Witcher: Staffel 2: Was verloren ging","30.12.21"
"The Witcher: Staffel 2: Kaer Morhen","29.12.21"
"The Witcher: Staffel 2: Ein Körnchen Wahrheit","29.12.21"
"Klaus","23.12.21"
"The Witcher: Staffel 1: Viel mehr","17.12.21"
"The Witcher: Staffel 1: Seltene Arten","17.12.21"
"The Witcher: Staffel 1: Aufgestaute Begehren","17.12.21"
"The Witcher: Staffel 1: Bankette, Bastarde und Begräbnisse","17.12.21"
"The Witcher: Staffel 1: Verrätermond","17.12.21"
"The Witcher: Staffel 1: Vier Mark","17.12.21"
"The Witcher: Staffel 1: Des Endes Anfang","16.12.21"
"JoJo’s Bizarre Adventure: Stone Ocean: Gefangene der Liebe","09.12.21"
"JoJo’s Bizarre Adventure: Stone Ocean: Der Besucher: Teil 2","09.12.21"
"JoJo’s Bizarre Adventure: Stone Ocean: Der Besucher: Teil 1","08.12.21"
"JoJo’s Bizarre Adventure: Stone Ocean: Gefangene FE40536: Jolyne Cujoh","08.12.21"
"JoJo’s Bizarre Adventure: Stone Ocean: Meer aus Stein","08.12.21"
"Haus des Geldes: Teil 5: Eine Familientradition","06.12.21"
"Haus des Geldes: Teil 5: Bettgeflüster","06.12.21"
"Haus des Geldes: Teil 5: Die Theorie der Eleganz","05.12.21"
"Haus des Geldes: Teil 5: Wunschdenken","05.12.21"
"Haus des Geldes: Teil 5: Sicherheitsventil","04.12.21"
"Arcane: Staffel 1: Schlange ohne Kopf","29.11.21"
"Arcane: Staffel 1: Öl und Wasser","29.11.21"
"Arcane: Staffel 1: Unser aller Erlöser","29.11.21"
"Arcane: Staffel 1: Wer ist Powder?","27.11.21"
"Arcane: Staffel 1: Ein Feind der hohen Gesellschaft","26.11.21"
"Arcane: Staffel 1: Ein Tag des Fortschritts","25.11.21"
"Arcane: Staffel 1: Veränderung bedarf Gewalt","24.11.21"
"Arcane: Staffel 1: Manche Geheimnisse bleiben besser unangetastet","23.11.21"
"Arcane: Staffel 1: Willkommen in den Gassen","22.11.21"
"The Revenant – Der Rückkehrer","12.11.21"
"Squid Game: Staffel 1: Glückstag","10.11.21"
"Squid Game: Staffel 1: Frontmann","09.11.21"
"Squid Game: Staffel 1: Die VIPs","08.11.21"
"Squid Game: Staffel 1: Gganbu","08.11.21"
"Squid Game: Staffel 1: Eine gerechte Welt","07.11.21"
"Squid Game: Staffel 1: Zum Team halten","06.11.21"
"Squid Game: Staffel 1: Der Mann mit dem Schirm","04.11.21"
"Squid Game: Staffel 1: Hölle","03.11.21"
"Squid Game: Staffel 1: Rotes Licht, grünes Licht","03.11.21"
"Inside Job: Teil 1: Der Roboterpräsident","02.11.21"
"Biohackers: Staffel 2: Erinnerung","24.10.21"
"Biohackers: Staffel 2: Finden","24.10.21"
"Biohackers: Staffel 2: Vergessen","23.10.21"
"Biohackers: Staffel 2: Partner","22.10.21"
"Biohackers: Staffel 2: Feinde","21.10.21"
"Biohackers: Staffel 2: Aufwachen","20.10.21"
"Biohackers: Staffel 1: Bestimmung","19.10.21"
"Biohackers: Staffel 1: Verrat","19.10.21"
"Biohackers: Staffel 1: Gewissheit","19.10.21"
"Biohackers: Staffel 1: Verdacht","17.10.21"
"Biohackers: Staffel 1: Geheimnisse","17.10.21"
"Biohackers: Staffel 1: Ankunft","16.10.21"
"Der Kastanienmann: Staffel 1: Folge 1","14.10.21"
"Ozark: Staffel 2: Gold Coast","09.10.21"
"Ozark: Staffel 2: Der Dachs","09.10.21"
"Riverdale: Staffel 1: Kapitel eins: „Das Flussufer“","06.10.21"
"How I Met Your Mother: Staffel 1: Verliebt, verlobt, versagt","06.10.21"
"The Crown: Staffel 1: Wolferton Splash","06.10.21"
"Friends: Staffel 1: Liebe? Nein, doch nicht!","06.10.21"
"How to Get Away With Murder: Staffel 6: Ich vergebe mir","06.10.21"
"Sex Education: Staffel 1: Folge 1","06.10.21"
"Naruto Shippuden: Staffel 1: Die Heimkehr","06.10.21"
"Matrix Revolutions","06.10.21"
"Ozark: Staffel 2: Der große Schlaf","05.10.21"
"Ozark: Staffel 2: Ausweg","05.10.21"
"Ozark: Staffel 2: Finsternis","04.10.21"
"Ozark: Staffel 2: Großer Tag","01.10.21"
"Ozark: Staffel 2: Allein","29.09.21"
"Ozark: Staffel 2: Einmal ein Langmore …","28.09.21"
"Ozark: Staffel 2: Das kostbare Blut Jesu Christi","27.09.21"
"Ozark: Staffel 2: Wiedergutmachung","24.09.21"
"Sex Education: Staffel 1: Folge 2","24.09.21"
"Ozark: Staffel 1: Die Gebühr","23.09.21"
"Ozark: Staffel 1: Kaffee, schwarz","22.09.21"
"Ozark: Staffel 1: Ka­lei­do­s­kop","21.09.21"
"Ozark: Staffel 1: Nistkasten","17.09.21"
"Ozark: Staffel 1: Die Bücher","16.09.21"
"Ozark: Staffel 1: Schlüsseltage","15.09.21"
"Ozark: Staffel 1: Heute Abend wird improvisiert","14.09.21"
"Haus des Geldes: Teil 5: Du hast viele Leben vor dir","13.09.21"
"Haus des Geldes: Teil 5: Dein Platz im Himmel","13.09.21"
"The Wolf of Wall Street","11.09.21"
"Haus des Geldes: Teil 5: Ein neues Leben","10.09.21"
"Haus des Geldes: Teil 5: Glaubst du an die Wiedergeburt?","10.09.21"
"Haus des Geldes: Teil 5: Das Ende des Weges","10.09.21"
"Ozark: Staffel 1: Mein gestörter Schlaf","02.09.21"
"Ozark: Staffel 1: Blue Cat","01.09.21"
"Ozark: Staffel 1: Sugarwood","31.08.21"
"Unbelievable: Miniserie: Folge 8","26.08.21"
"Unbelievable: Miniserie: Folge 7","25.08.21"
"Noch nie in meinem Leben …: Staffel 2: … habe ich meiner eigenen Mutter nachspioniert","24.08.21"
"Unbelievable: Miniserie: Folge 6","24.08.21"
"Unbelievable: Miniserie: Folge 5","24.08.21"
"Unbelievable: Miniserie: Folge 4","22.08.21"
"Unbelievable: Miniserie: Folge 3","21.08.21"
"Unbelievable: Miniserie: Folge 2","20.08.21"
"Unbelievable: Miniserie: Folge 1","19.08.21"
"How to Sell Drugs Online (Fast): Staffel 3: Everybody gets a second chance","17.08.21"
"How to Sell Drugs Online (Fast): Staffel 3: To make amends, maybe be friends","17.08.21"
"How to Sell Drugs Online (Fast): Staffel 3: Before you turn the key, I have one more thing to say","16.08.21"
"How to Sell Drugs Online (Fast): Staffel 3: Does this condemn me, lock me away?","14.08.21"
"How to Sell Drugs Online (Fast): Staffel 3: A misdemeanor, a little trip","13.08.21"
"How to Sell Drugs Online (Fast): Staffel 3: A single failure, a little slip","12.08.21"
"Interstellar","09.08.21"
"Inception","07.08.21"
"Matrix Reloaded","06.08.21"
"Matrix","05.08.21"
"Lupin: Teil 2: Kapitel 10","20.07.21"
"Lupin: Teil 2: Kapitel 9","20.07.21"
"Lupin: Teil 2: Kapitel 8","20.07.21"
"Lupin: Teil 2: Kapitel 7","18.07.21"
"Lupin: Teil 2: Kapitel 6","18.07.21"
"Headspace: Eine Schlafanleitung: Staffel 1: Besser schlafen","03.05.21"
"JoJo’s Bizarre Adventure: Phantom Blood/Battle Tendency: Dio der Eindringling","23.04.21"
"Steins;Gate – The Movie","31.03.21"
"Neon Genesis Evangelion: Staffel 1: Angriff der Engel","29.03.21"
"Haus des Geldes: Teil 1: Folge 3","15.03.21"
"Tribes of Europa: Staffel 1: Kapitel 6","13.03.21"
"Tribes of Europa: Staffel 1: Kapitel 5","13.03.21"
"Tribes of Europa: Staffel 1: Kapitel 4","13.03.21"
"Prison Break: Staffel 5: Ogygia","13.03.21"
"Prison Break: Staffel 5: Hinter den Augen","13.03.21"
"Tribes of Europa: Staffel 1: Kapitel 3","11.03.21"
"Magic Kaito 1412: Midnight Crow – Teil 2: Konfrontation! Weiß oder Schwarz?!","24.02.21"
"Magic Kaito 1412: Midnight Crow – Teil 1: Der Name lautet Kaito Corbeau","24.02.21"
"Magic Kaito 1412: Red Tear","24.02.21"
"Magic Kaito 1412: Kid vs. Conan – Teleportation unter dem Mondlicht","23.02.21"
"Magic Kaito 1412: Dark Knight","23.02.21"
"Magic Kaito 1412: Golden Eye (Teil 2) Die Entscheidung vs. Chat Noir","23.02.21"
"Magic Kaito 1412: Golden Eye (Teil 1) Chat Noirs Herausforderung","23.02.21"
"Magic Kaito 1412: Green Dream","23.02.21"
"Magic Kaito 1412: Kid vs. Conan – Wundersamer Freiluftspaziergang","20.02.21"
"Magic Kaito 1412: Die Improvisation der Prinzessin und des Diebes","20.02.21"
"Magic Kaito 1412: Crystal Mother","19.02.21"
"Tribes of Europa: Staffel 1: Kapitel 2","19.02.21"
"Tribes of Europa: Staffel 1: Kapitel 1","19.02.21"
"Avatar – Der Herr der Elemente: Avatar – Der Herr der Elemente: Buch 1: Der Junge im Eisberg","19.02.21"
"Magic Kaito 1412: Lass die Finger von ihm","17.02.21"
"Magic Kaito 1412: Heiligabend – Zwei Kaito Kids","17.02.21"
"Magic Kaito 1412: Kid, Conan und Ryomas Schatzillusion","16.02.21"
"Magic Kaito 1412: Phantom Lady und Ryomas Schatz","16.02.21"
"Magic Kaito 1412: Phantom Ladys Auftritt","15.02.21"
"Magic Kaito 1412: Erwachsenenzauber","13.02.21"
"Magic Kaito 1412: Kaito Kurobas stressiger freier Tag","13.02.21"
"Magic Kaito 1412: Black Star","12.02.21"
"Magic Kaito 1412: Scharlachrote Versuchung","12.02.21"
"Magic Kaito 1412: Ein Meisterdetektiv tritt ans Licht","12.02.21"
"Magic Kaito 1412: Hustler VS Magician","12.02.21"
"Magic Kaito 1412: Blue Birthday","11.02.21"
"Magic Kaito 1412: Rückkehr des Phantomdiebes","11.02.21"
"Lupin: Teil 1: Kapitel 5","25.01.21"
"Lupin: Teil 1: Kapitel 4","22.01.21"
"Lupin: Teil 1: Kapitel 2","19.01.21"
"Lupin: Teil 1: Kapitel 1","19.01.21"
"Unser Planet: Ein Planet","18.01.21"
"Lupin: Teil 1: Kapitel 3","16.01.21"
"How to Get Away With Murder: Staffel 5: Bitte sag mir, dass nicht noch jemand tot ist","07.01.21"
"Dark: Staffel 2: Die Reisenden","12.12.20"
"The LEGO Movie 2: The Second Part","03.12.20"
"Breaking Bad: Staffel 3: Nägel mit Köpfen","02.12.20"
"Breaking Bad: Staffel 3: Halbe Sachen","02.12.20"
"The Christmas Chronicles","21.11.20"
"Das Damengambit: Miniserie: Eröffnung","21.11.20"
"Breaking Bad: Staffel 3: Offene Worte","31.10.20"
"The Disastrous Life of Saiki K.: Staffel 1: Folge 3","31.10.20"
"The Disastrous Life of Saiki K.: Staffel 1: Folge 2","31.10.20"
"The Disastrous Life of Saiki K.: Staffel 1: Folge 1","31.10.20"
"One-Punch Man: Staffel 1: Der Stärkste","27.10.20"
"Barbaren: Die Schlacht","27.10.20"
"Barbaren: Der Verrat","27.10.20"
"Barbaren: Ein neuer Reik","26.10.20"
"Barbaren: Am Abgrund","25.10.20"
"Barbaren: Die Vergeltung","25.10.20"
"Barbaren: Wolf und Adler","24.10.20"
"Locke & Key: Staffel 1: Krone der Schatten","18.10.20"
"H2O: Plötzlich Meerjungfrau: Staffel 1: Eine folgenschwere Bootstour","18.10.20"
"Locke & Key: Staffel 1: Echos","16.10.20"
"Locke & Key: Staffel 1: Ray of F**king Sunshine","15.10.20"
"Locke & Key: Staffel 1: Sezierung","13.10.20"
"Locke & Key: Staffel 1: Die schwarze Tür","12.10.20"
"Locke & Key: Staffel 1: Familienbaum","12.10.20"
"Locke & Key: Staffel 1: Die Hüter der Schlüssel","11.10.20"
"Locke & Key: Staffel 1: Kopfspiele","10.10.20"
"Locke & Key: Staffel 1: Fallensteller / Hüter","10.10.20"
"Locke & Key: Staffel 1: Willkommen in Matheson","10.10.20"
"Violet Evergarden: Staffel 1: Folge 13","26.09.20"
"Violet Evergarden: Staffel 1: Folge 11","26.09.20"
"Violet Evergarden: Staffel 1: Folge 12","26.09.20"
"Violet Evergarden: Staffel 1: Folge 10","25.09.20"
"Violet Evergarden: Staffel 1: Folge 9","25.09.20"
"Violet Evergarden: Staffel 1: Folge 8","25.09.20"
"Violet Evergarden: Staffel 1: Folge 7","25.09.20"
"Violet Evergarden: Staffel 1: Folge 6","24.09.20"
"Violet Evergarden: Staffel 1: Folge 5","24.09.20"
"Violet Evergarden: Staffel 1: Folge 4","24.09.20"
"Violet Evergarden: Staffel 1: Folge 2","24.09.20"
"Violet Evergarden: Staffel 1: Folge 3","24.09.20"
"Violet Evergarden: Staffel 1: Folge 1","23.09.20"
"Death Note: Eine neue Welt","22.09.20"
"Death Note: 28.01.","22.09.20"
"Death Note: Tötungsabsicht","22.09.20"
"Death Note: Lauern","22.09.20"
"Death Note: Hohngelächter","22.09.20"
"Death Note: Übertragung","22.09.20"
"Death Note: Die Auswahl","22.09.20"
"Death Note: Gerechtigkeit","21.09.20"
"Death Note: Vater","21.09.20"
"Death Note: Ungeduld","21.09.20"
"Death Note: Die Entführung","20.09.20"
"Death Note: Erneuerung","20.09.20"
"Death Note: Schweigen","20.09.20"
"Death Note: Aktivitäten","20.09.20"
"Death Note: Das Comeback","20.09.20"
"Death Note: Tumult","20.09.20"
"Death Note: Hinführung","20.09.20"
"Death Note: Das Provisorium","20.09.20"
"Death Note: Matsuda","19.09.20"
"Death Note: Kollegen","19.09.20"
"Death Note: Vollstreckung","19.09.20"
"Death Note: Das Urteil","19.09.20"
"Death Note: Das Duell","19.09.20"
"Death Note: Freunde","19.09.20"
"Death Note: Das Geständnis","19.09.20"
"Death Note: Liebe","19.09.20"
"Death Note: Offensive","18.09.20"
"Death Note: Der Verdacht","18.09.20"
"Death Note: Kontakt","18.09.20"
"The Seven Deadly Sins: Kaiserlicher Zorn der Götter: Das Licht, das die Dunkelheit verschluckt","18.09.20"
": ","18.09.20"
"Death Note: Wiedergeburt","18.09.20"
"Death Note: Blickwinkel","17.09.20"
"Death Note: Wolkenverhangen","16.09.20"
"Death Note: Das Detail","15.09.20"
"Death Note: Strategien","14.09.20"
"Death Note: Verfolgt","14.09.20"
"Death Note: Ein Geschäft","13.09.20"
"Death Note: Konfrontation","11.09.20"
"Breaking Bad: Staffel 3: Die Fliege","09.09.20"
"Breaking Bad: Staffel 3: Kafkaesk","08.09.20"
"Breaking Bad: Staffel 3: Eine Minute","07.09.20"
"Breaking Bad: Staffel 3: Familienbande","07.09.20"
"Breaking Bad: Staffel 3: Sonnenuntergang","05.09.20"
"Breaking Bad: Staffel 3: Más","05.09.20"
"Breaking Bad: Staffel 3: Grünes Licht","04.09.20"
"Breaking Bad: Staffel 3: Kopflosigkeit","03.09.20"
"Breaking Bad: Staffel 3: No Mas","03.09.20"
"Breaking Bad: Staffel 3: Caballo Sin Nombre","03.09.20"
"Breaking Bad: Staffel 2: Krisen","01.09.20"
"Breaking Bad: Staffel 2: Phönix","01.09.20"
"Breaking Bad: Staffel 2: Mandala","01.09.20"
"Breaking Bad: Staffel 2: Schluss","31.08.20"
"Breaking Bad: Staffel 2: 4 Tage Auszeit","30.08.20"
"Breaking Bad: Staffel 2: Beauftragen Sie Saul","30.08.20"
"Breaking Bad: Staffel 2: Negro Y Azul","29.08.20"
"Breaking Bad: Staffel 2: Kuckuck","29.08.20"
"Breaking Bad: Staffel 2: Bruchschäden","28.08.20"
"Breaking Bad: Staffel 2: Ganz unten","28.08.20"
"Breaking Bad: Staffel 2: Gedächtnisschwund","28.08.20"
"Breaking Bad: Staffel 2: In der Falle","27.08.20"
"Breaking Bad: Staffel 2: Vorsichtsmaßnahmen","25.08.20"
"Breaking Bad: Staffel 1: Lehrgeld","25.08.20"
"Breaking Bad: Staffel 1: In der Höhle des Löwen","25.08.20"
"Breaking Bad: Staffel 1: … und der Sack ist im Fluss","25.08.20"
"Breaking Bad: Staffel 1: Grauzonen","18.08.20"
"Breaking Bad: Staffel 1: Die Diagnose","18.08.20"
"Breaking Bad: Staffel 1: Die Katze ist im Sack …","17.08.20"
"Breaking Bad: Staffel 1: Der Einstieg (Pilot)","17.08.20"
"Prison Break: Staffel 1: Der große Plan","15.08.20"
"JoJo’s Bizarre Adventure: Stardust Crusaders: Nach langer Reise heißt es Abschied nehmen, meine Freunde","14.08.20"
"JoJo’s Bizarre Adventure: Stardust Crusaders: Dios World, Teil 3","14.08.20"
"JoJo’s Bizarre Adventure: Stardust Crusaders: Dios World, Teil 2","14.08.20"
"JoJo’s Bizarre Adventure: Stardust Crusaders: Dios World, Teil 1","14.08.20"
"JoJo’s Bizarre Adventure: Stardust Crusaders: Das Miasma der Leere, Cool Ice, Teil 3","14.08.20"
"JoJo’s Bizarre Adventure: Stardust Crusaders: Das Miasma der Leere, Cool Ice, Teil 2","14.08.20"
"JoJo’s Bizarre Adventure: Stardust Crusaders: Das Miasma der Leere, Cool Ice, Teil 1","14.08.20"
"JoJo’s Bizarre Adventure: Stardust Crusaders: D’Arby, der Spieler, Teil 2","14.08.20"
"JoJo’s Bizarre Adventure: Stardust Crusaders: D’Arby, der Spieler, Teil 1","14.08.20"
"JoJo’s Bizarre Adventure: Stardust Crusaders: Der Wächter der Hölle, Pet Shop, Teil 2","13.08.20"
"JoJo’s Bizarre Adventure: Stardust Crusaders: Der Wächter der Hölle, Pet Shop, Teil 1","13.08.20"
"JoJo’s Bizarre Adventure: Stardust Crusaders: Hol Horse und Mondatta, Teil 2","13.08.20"
"JoJo’s Bizarre Adventure: Stardust Crusaders: Hol Horse und Mondatta, Teil 1","12.08.20"
"JoJo’s Bizarre Adventure: Stardust Crusaders: D’Arby, der Spieler, Teil 2","11.08.20"
"JoJo’s Bizarre Adventure: Stardust Crusaders: D’Arby, der Spieler, Teil 1","11.08.20"
"JoJo’s Bizarre Adventure: Stardust Crusaders: Sets Alessi, Teil 2","10.08.20"
"JoJo’s Bizarre Adventure: Stardust Crusaders: Sets Alessi, Teil 1","10.08.20"
"JoJo’s Bizarre Adventure: Stardust Crusaders: Mariahs „Bast“, Teil 2","10.08.20"
"Charlotte: Staffel 1: Aufnahmen der Zukunft","10.08.20"
"Charlotte: Staffel 1: Versprechen","10.08.20"
"Charlotte: Staffel 1: Charlotte","09.08.20"
"Charlotte: Staffel 1: Raub","09.08.20"
"Charlotte: Staffel 1: Eine andere Welt","09.08.20"
"Charlotte: Staffel 1: Zufällige Begegnung","09.08.20"
"Charlotte: Staffel 1: Am Ende der Flucht","09.08.20"
"Charlotte: Staffel 1: Unbemerktes Glück","09.08.20"
"Charlotte: Staffel 1: Ein vertrauter Klang","09.08.20"
"Charlotte: Staffel 1: Der Ernst des Augenblicks","08.08.20"
"JoJo’s Bizarre Adventure: Stardust Crusaders: Mariahs „Bast“, Teil 1","08.08.20"
"JoJo’s Bizarre Adventure: Stardust Crusaders: Anubis, Teil 2","08.08.20"
"Japan sinkt: 2020: Staffel 1: Der Anfang vom Ende","08.08.20"
"Charlotte: Staffel 1: Liebe und Flammen","08.08.20"
"Charlotte: Staffel 1: Der Rhythmus der Verzweiflung","08.08.20"
"Charlotte: Staffel 1: Ich stelle mir vor, ein anderer zu sein","08.08.20"
"How to Sell Drugs Online (Fast): Staffel 2: Don't be evil.","08.08.20"
"How to Sell Drugs Online (Fast): Staffel 2: Move Fast and Break Things","08.08.20"
"How to Sell Drugs Online (Fast): Staffel 2: Buy It. Sell It. Love It.","08.08.20"
"How to Sell Drugs Online (Fast): Staffel 2: Inspired by Real Life","07.08.20"
"How to Sell Drugs Online (Fast): Staffel 2: Where Do You Want to Go Today?","07.08.20"
"How to Sell Drugs Online (Fast): Staffel 2: Think Different","07.08.20"
"How to Sell Drugs Online (Fast): Staffel 1: If You Are the Smartest One in the Room, You're in the Wrong Room","07.08.20"
"How to Sell Drugs Online (Fast): Staffel 1: Score Big or Don't Score at All","07.08.20"
"How to Sell Drugs Online (Fast): Staffel 1: If This is Reality, I'm Not Interested","06.08.20"
"How to Sell Drugs Online (Fast): Staffel 1: Failure is Not an Option","06.08.20"
"Haus des Geldes: Teil 1: Folge 2","05.08.20"
"How to Sell Drugs Online (Fast): Staffel 1: Life's Not Fair, Get Used to It","05.08.20"
"Haus des Geldes: Teil 1: Folge 1","04.08.20"
"How to Sell Drugs Online (Fast): Staffel 1: Nerd Today, Boss Tomorrow","04.08.20"
"JoJo’s Bizarre Adventure: Stardust Crusaders: Anubis, Teil 1","04.08.20"
"JoJo’s Bizarre Adventure: Stardust Crusaders: Zenyattas „Khnum“ und Mondattas „Thoth“","03.08.20"
"JoJo’s Bizarre Adventure: Stardust Crusaders: Iggys „The Fool“ und N’douls „Geb“, Teil 2","03.08.20"
"JoJo’s Bizarre Adventure: Stardust Crusaders: Iggys „The Fool“ und N’douls „Geb“, Teil 1","01.08.20"
"JoJo’s Bizarre Adventure: Stardust Crusaders: Die Hohepriesterin, Teil 2","01.08.20"
"JoJo’s Bizarre Adventure: Stardust Crusaders: Die Hohepriesterin, Teil 1","01.08.20"
"JoJo’s Bizarre Adventure: Stardust Crusaders: Das Gericht, Teil 2","01.08.20"
"JoJo’s Bizarre Adventure: Stardust Crusaders: Das Gericht, Teil 1","31.07.20"
"JoJo’s Bizarre Adventure: Stardust Crusaders: Der Tod 13, Teil 2","31.07.20"
"JoJo’s Bizarre Adventure: Stardust Crusaders: Der Tod 13, Teil 1","31.07.20"
"JoJo’s Bizarre Adventure: Stardust Crusaders: Die Sonne","31.07.20"
"JoJo’s Bizarre Adventure: Stardust Crusaders: Die Liebenden, Teil 2","31.07.20"
"JoJo’s Bizarre Adventure: Stardust Crusaders: Die Liebenden, Teil 1","29.07.20"
"JoJo’s Bizarre Adventure: Stardust Crusaders: Die Gerechtigkeit, Teil 2","29.07.20"
"JoJo’s Bizarre Adventure: Stardust Crusaders: Die Gerechtigkeit, Teil 1","29.07.20"
"JoJo’s Bizarre Adventure: Stardust Crusaders: Rad des Schicksals","28.07.20"
"JoJo’s Bizarre Adventure: Stardust Crusaders: Die Herrscherin","28.07.20"
"Hunter x Hunter: Staffel 3: Signal x zum x Rückzug","28.07.20"
"JoJo’s Bizarre Adventure: Stardust Crusaders: Der Herrscher und der Gehängte, Teil 2","26.07.20"
"JoJo’s Bizarre Adventure: Stardust Crusaders: Der Herrscher und der Gehängte, Teil 1","26.07.20"
"JoJo’s Bizarre Adventure: Stardust Crusaders: Gelbe Mäßigkeit","25.07.20"
"JoJo’s Bizarre Adventure: Stardust Crusaders: Der Teufel","24.07.20"
"JoJo’s Bizarre Adventure: Stardust Crusaders: Die Kraft","24.07.20"
"JoJo’s Bizarre Adventure: Stardust Crusaders: Dunkelblauer Mond","24.07.20"
"JoJo’s Bizarre Adventure: Stardust Crusaders: Silberner Wagen","24.07.20"
"JoJo’s Bizarre Adventure: Stardust Crusaders: Der graue Turm","24.07.20"
"JoJo’s Bizarre Adventure: Stardust Crusaders: Dios Fluch","24.07.20"
"JoJo’s Bizarre Adventure: Stardust Crusaders: Wer wird der Richter sein?!","23.07.20"
"JoJo’s Bizarre Adventure: Stardust Crusaders: Der von einem bösen Geist Besessene","22.07.20"
"JoJo’s Bizarre Adventure: Phantom Blood/Battle Tendency: Der Gottgewordene","22.07.20"
"JoJo’s Bizarre Adventure: Phantom Blood/Battle Tendency: Die Geburt eines Superwesens","22.07.20"
"JoJo’s Bizarre Adventure: Phantom Blood/Battle Tendency: Die Bänder, die JoJo binden","21.07.20"
"JoJo’s Bizarre Adventure: Phantom Blood/Battle Tendency: Der Krieger des Winds","21.07.20"
"JoJo’s Bizarre Adventure: Phantom Blood/Battle Tendency: Ein wahrer Krieger","21.07.20"
"JoJo’s Bizarre Adventure: Phantom Blood/Battle Tendency: Einhundert gegen zwei!","20.07.20"
"JoJo’s Bizarre Adventure: Phantom Blood/Battle Tendency: Der junge Caesar","20.07.20"
"JoJo’s Bizarre Adventure: Phantom Blood/Battle Tendency: Ein Rennen bis zum Äußersten","20.07.20"
"JoJo’s Bizarre Adventure: Phantom Blood/Battle Tendency: Von Stroheims Rache","19.07.20"
"JoJo’s Bizarre Adventure: Phantom Blood/Battle Tendency: Der tiefere Plan","18.07.20"
"JoJo’s Bizarre Adventure: Phantom Blood/Battle Tendency: Lisa Lisa, Hamon-Coach","18.07.20"
"JoJo’s Bizarre Adventure: Phantom Blood/Battle Tendency: Die Prüfung eines Helden","18.07.20"
"JoJo’s Bizarre Adventure: Phantom Blood/Battle Tendency: Elite-Krieger aus der Antike","18.07.20"
"JoJo’s Bizarre Adventure: Phantom Blood/Battle Tendency: JoJo vs. das Ultimative Geschöpf","18.07.20"
"JoJo’s Bizarre Adventure: Phantom Blood/Battle Tendency: Der Mann in der Säule","17.07.20"
"JoJo’s Bizarre Adventure: Phantom Blood/Battle Tendency: Der Meister des Spiels","17.07.20"
"JoJo’s Bizarre Adventure: Phantom Blood/Battle Tendency: JoJo in New York","17.07.20"
"JoJo’s Bizarre Adventure: Phantom Blood/Battle Tendency: Das letzte Hamon","17.07.20"
"JoJo’s Bizarre Adventure: Phantom Blood/Battle Tendency: Vendetta – JoJo & Dio","17.07.20"
"JoJo’s Bizarre Adventure: Phantom Blood/Battle Tendency: Der Erbe","17.07.20"
"JoJo’s Bizarre Adventure: Phantom Blood/Battle Tendency: Der Schneid von morgen","17.07.20"
"Peaky Blinders – Gangs of Birmingham: Staffel 3: Folge 2","14.07.20"
"Peaky Blinders – Gangs of Birmingham: Staffel 3: Folge 1","14.07.20"
"Peaky Blinders – Gangs of Birmingham: Staffel 2: Das Attentat","02.07.20"
"Peaky Blinders – Gangs of Birmingham: Staffel 2: Der Ort des Geschehens","02.07.20"
"Peaky Blinders – Gangs of Birmingham: Staffel 2: Ein riskanter Auftrag","02.07.20"
"Peaky Blinders – Gangs of Birmingham: Staffel 2: Der Anschlag","01.07.20"
"Peaky Blinders – Gangs of Birmingham: Staffel 2: Der verlorene Sohn","30.06.20"
"Peaky Blinders – Gangs of Birmingham: Staffel 2: Gefährliche Allianzen","30.06.20"
"Dark: Staffel 1: Geheimnisse","29.06.20"
"Dark: Staffel 3: Zwischen der Zeit","29.06.20"
"Dark: Staffel 3: Licht und Schatten","29.06.20"
"Dark: Staffel 3: Leben und Tod","29.06.20"
"Dark: Staffel 3: Der Ursprung","28.06.20"
"Dark: Staffel 3: Adam und Eva","28.06.20"
"Dark: Staffel 3: Die Überlebenden","28.06.20"
"Dark: Staffel 3: Deja-vu","27.06.20"
"Dark: Staffel 1: Lügen","27.06.20"
"Peaky Blinders – Gangs of Birmingham: Staffel 1: Showdown","26.06.20"
"Peaky Blinders – Gangs of Birmingham: Staffel 1: Das Grab","26.06.20"
"Kakegurui – Das Leben ist ein Spiel: Kakegurui: Die Mädchen, die sich weigern","25.06.20"
"Kakegurui – Das Leben ist ein Spiel: Kakegurui: Das einladende Mädchen","25.06.20"
"Kakegurui – Das Leben ist ein Spiel: Kakegurui: Das Mädchen, das ein Mensch wurde","25.06.20"
"Kakegurui – Das Leben ist ein Spiel: Kakegurui: Das Mädchen, das zum Haustier wurde","25.06.20"
"Kakegurui – Das Leben ist ein Spiel: Kakegurui: Die schlitzäugige Frau","25.06.20"
"Kakegurui – Das Leben ist ein Spiel: Kakegurui: Ein wenig überzeugendes Mädchen","25.06.20"
"Kakegurui – Das Leben ist ein Spiel: Kakegurui: Die Neue","25.06.20"
"The Sinner: Staffel 3: Jamie: Teil VIII","24.06.20"
"The Sinner: Staffel 2: Julian: Teil I","24.06.20"
"The Sinner: Staffel 3: Jamie: Teil VII","24.06.20"
"The Sinner: Staffel 3: Jamie: Teil V","24.06.20"
"The Sinner: Staffel 3: Jamie: Teil VI","24.06.20"
"The Sinner: Staffel 3: Jamie: Teil IV","24.06.20"
"The Sinner: Staffel 3: Jamie: Teil III","24.06.20"
"The Sinner: Staffel 3: Jamie: Teil II","23.06.20"
"The Sinner: Staffel 3: Jamie: Teil I","23.06.20"
"The Sinner: Staffel 2: Julian: Teil VIII","23.06.20"
"The Sinner: Staffel 2: Julian: Teil VII","23.06.20"
"The Sinner: Staffel 2: Julian: Teil VI","22.06.20"
"The Sinner: Staffel 2: Julian: Teil V","22.06.20"
"The Sinner: Staffel 2: Julian: Teil IV","22.06.20"
"The Sinner: Staffel 2: Julian: Teil III","22.06.20"
"The Sinner: Staffel 2: Julian: Teil II","21.06.20"
"Peaky Blinders – Gangs of Birmingham: Staffel 1: Die Hochzeit","14.06.20"
"Peaky Blinders – Gangs of Birmingham: Staffel 1: Auf der Rennbahn","14.06.20"
"Peaky Blinders – Gangs of Birmingham: Staffel 1: Waffenpoker","10.06.20"
"Peaky Blinders – Gangs of Birmingham: Staffel 1: Geschenk des Teufels","09.06.20"
"The Sinner: Staffel 1: Cora: Teil VIII","07.06.20"
"The Sinner: Staffel 1: Cora: Teil VI","07.06.20"
"The Sinner: Staffel 1: Cora: Teil VII","07.06.20"
"The Sinner: Staffel 1: Cora: Teil V","07.06.20"
"The Sinner: Staffel 1: Cora: Teil IV","06.06.20"
"The Sinner: Staffel 1: Cora: Teil III","06.06.20"
"The Sinner: Staffel 1: Cora: Teil II","06.06.20"
"The Sinner: Staffel 1: Cora: Teil I","06.06.20"
"House of Cards: Staffel 2: Kapitel 19","04.06.20"
"House of Cards: Staffel 2: Kapitel 18","03.06.20"
"House of Cards: Staffel 2: Kapitel 17","03.06.20"
"House of Cards: Staffel 2: Kapitel 16","03.06.20"
"JoJo’s Bizarre Adventure: Phantom Blood/Battle Tendency: Ritter der Dunkelheit","03.06.20"
"Bad Banks: Staffel 1: Die Kündigung","03.06.20"
"House of Cards: Staffel 2: Kapitel 15","03.06.20"
"House of Cards: Staffel 2: Kapitel 14","03.06.20"
"House of Cards: Staffel 1: Kapitel 13","02.06.20"
"House of Cards: Staffel 1: Kapitel 12","02.06.20"
"JoJo’s Bizarre Adventure: Phantom Blood/Battle Tendency: Overdrive","02.06.20"
"JoJo’s Bizarre Adventure: Phantom Blood/Battle Tendency: Zeit mit Dio","02.06.20"
"JoJo’s Bizarre Adventure: Phantom Blood/Battle Tendency: Ein Brief aus der Vergangenheit","02.06.20"
"Angels of Death: Staffel 1: Töte mich … bitte.","02.06.20"
"Bleach: The Entry: Wunder! Der mysteriöse neue Held","02.06.20"
"Rick and Morty: Staffel 2: Freunde und andere Parasiten","01.06.20"
"Rick and Morty: Staffel 2: Ein alter Schwarm","31.05.20"
"Rick and Morty: Staffel 2: Fünf Tage bis Mortynacht","31.05.20"
"Rick and Morty: Staffel 2: Geteilte Zeit ist doppelte Zeit","31.05.20"
"Bleach: The Entry: Von Sternen und Vagabunden","19.05.20"
"Bleach: The Entry: Die Entschlossenheit zu töten","19.05.20"
"Bleach: The Entry: Konfrontation mit Renji","19.05.20"
"Bleach: The Entry: Durchbruch! Das Netz der Shinigami","19.05.20"
"Bleach: The Entry: Orihime im Visier","19.05.20"
"Bleach: The Entry: Führe den Todesstoß aus!","19.05.20"
"Bleach: The Entry: Formation! Das schlimmste Anhängsel","19.05.20"
"Bleach: The Entry: Ans Ziel mit einer riesigen Kanonenkugel?","19.05.20"
"Bleach: The Entry: Versammlung! Die 13 Einheiten","19.05.20"
"Bleach: The Entry: 14 Tage vor Rukias Hinrichtung","19.05.20"
"Bleach: The Entry: Der Mann, der Shinigami hasst!","19.05.20"
"Bleach: The Entry: Stürmt herein! Die Welt der Shinigami","19.05.20"
"Bleach: The Substitute: Gin Ichimarus Schatten","19.05.20"
"Bleach: The Substitute: Ichigo wird zum Hollow","18.05.20"
"Bleach: The Substitute: Erlange sie wieder, die Kraft eines Shinigami!","18.05.20"
"Bleach: The Substitute: Ichigo stirbt!","18.05.20"
"Bleach: The Substitute: Die Begegnung: Renji Abarai","18.05.20"
"Bleach: The Substitute: Kons großartiger Plan","18.05.20"
"Bleach: The Substitute: Rücken an Rücken, ein Kampf bis zum Tod","18.05.20"
"Bleach: The Substitute: Samen und Hollows","17.05.20"
"Bleach: The Substitute: Der Arm der Gerechtigkeit","17.05.20"
"Bleach: The Substitute: Der legendäre Quincy","16.05.20"
"Bleach: The Substitute: 17. Juni, Erinnerungen im Regen","16.05.20"
"Bleach: The Substitute: Störung auf heiligem Boden","16.05.20"
"Bleach: The Substitute: Der unbesiegbare Gegner","16.05.20"
"Bleach: The Substitute: Grüße eines Stofflöwen","16.05.20"
"Bleach: The Substitute: Kampf um Leben und Tod! Ichigo gegen Ichigo!","16.05.20"
"Bleach: The Substitute: Besiege den unsichtbaren Gegner!","16.05.20"
"Bleach: The Substitute: Der verfluchte Nymphensittich","15.05.20"
"Bleach: The Substitute: Der Wunsch des großen Bruders, der Wunsch der kleinen Schwester","15.05.20"
"Bleach: The Substitute: Die Arbeit eines Shinigami","15.05.20"
"Bleach: The Substitute: Der Tag, an dem ich ein Shinigami wurde","15.05.20"
"Food Wars! Shokugeki no Soma: The Second Plate: Majestätisch","24.04.20"
"Food Wars! Shokugeki no Soma: The Second Plate: Der Zauberer kehrt zurück","23.04.20"
"Food Wars! Shokugeki no Soma: The Second Plate: Stagiaire","23.04.20"
"Food Wars! Shokugeki no Soma: The Second Plate: Ein neues Genie","23.04.20"
"Food Wars! Shokugeki no Soma: The Second Plate: Das Schwert, das den Herbst ankündigt","23.04.20"
"Food Wars! Shokugeki no Soma: The Second Plate: Der Kampf mit der Jahreszeit","22.04.20"
"Food Wars! Shokugeki no Soma: The Second Plate: Die einander verschlingenden Bestien","22.04.20"
"Food Wars! Shokugeki no Soma: The Second Plate: Morgen ist auch noch ein Tag","22.04.20"
"Food Wars! Shokugeki no Soma: The Second Plate: Das Geheimnis des ersten Bissens","22.04.20"
"Food Wars! Shokugeki no Soma: The Second Plate: Der Verfolger","22.04.20"
"Food Wars! Shokugeki no Soma: The Second Plate: Die Generation der Juwelen","19.04.20"
"Food Wars! Shokugeki no Soma: The Second Plate: Zusammenspiel von Licht und Schatten","19.04.20"
"Food Wars! Shokugeki no Soma: The Second Plate: Was in die Schachtel gehört","18.04.20"
"Food Wars! Shokugeki no Soma: Food Wars!: Shokugeki no Soma: Das Festmahl der Krieger","18.04.20"
"Food Wars! Shokugeki no Soma: Food Wars!: Shokugeki no Soma: Der Wettkampf der Aufblühenden","18.04.20"
"Food Wars! Shokugeki no Soma: Food Wars!: Shokugeki no Soma: Die über dem Alltäglichen stehenden","18.04.20"
"Food Wars! Shokugeki no Soma: Food Wars!: Shokugeki no Soma: Das Bekannte und doch Unbekannte","18.04.20"
"Mako – Einfach Meerjungfrau: Staffel 1: Ausgestoßen","14.04.20"
"Haus des Geldes: Teil 4: Der Paris-Plan","13.04.20"
"Haus des Geldes: Teil 4: Anschlag aufs Zelt","12.04.20"
"Haus des Geldes: Teil 4: Technischer K. o.","12.04.20"
"Haus des Geldes: Teil 4: 5 Minuten zuvor","08.04.20"
"Haus des Geldes: Teil 4: Paso Doble","08.04.20"
"Haus des Geldes: Teil 4: Lektion in Anatomie","05.04.20"
"Haus des Geldes: Teil 4: Berlins Hochzeit","04.04.20"
"Haus des Geldes: Teil 4: Game Over","04.04.20"
"Haus des Geldes: Teil 3: Verloren","04.04.20"
"Food Wars! Shokugeki no Soma: Food Wars!: Shokugeki no Soma: Der Drache beugt sich und steigt gen Himmel empor","02.04.20"
"Food Wars! Shokugeki no Soma: Food Wars!: Shokugeki no Soma: Der Auserwählte","02.04.20"
"Food Wars! Shokugeki no Soma: Food Wars!: Shokugeki no Soma: Frittiertes der Jugend","02.04.20"
"Food Wars! Shokugeki no Soma: Food Wars!: Shokugeki no Soma: Das sinnlich Frittierte","02.04.20"
"Food Wars! Shokugeki no Soma: Food Wars!: Shokugeki no Soma: Der Koch, der alle Welt bereiste","01.04.20"
"Food Wars! Shokugeki no Soma: Food Wars!: Shokugeki no Soma: Der Mann, den man einen Streitgott nannte","01.04.20"
"Food Wars! Shokugeki no Soma: Food Wars!: Shokugeki no Soma: Metamorphose","01.04.20"
"Food Wars! Shokugeki no Soma: Food Wars!: Shokugeki no Soma: Eier vor Tagesanbruch","01.04.20"
"Food Wars! Shokugeki no Soma: Food Wars!: Shokugeki no Soma: Erinnerungen an ein Gericht","01.04.20"
"Food Wars! Shokugeki no Soma: Food Wars!: Shokugeki no Soma: Der Zauberer aus dem Osten","31.03.20"
"Food Wars! Shokugeki no Soma: Food Wars!: Shokugeki no Soma: Das überlegene Recette","31.03.20"
"Food Wars! Shokugeki no Soma: Food Wars!: Shokugeki no Soma: Die Panierung, die die Berge schmückt","31.03.20"
"Food Wars! Shokugeki no Soma: Food Wars!: Shokugeki no Soma: Das Konzert des Ausdrucks und der Schöpfung","31.03.20"
"Food Wars! Shokugeki no Soma: Food Wars!: Shokugeki no Soma: Stilles Donburi, redsames Donburi","31.03.20"
"Food Wars! Shokugeki no Soma: Food Wars!: Shokugeki no Soma: Der Fleischeroberer","30.03.20"
"Food Wars! Shokugeki no Soma: Food Wars!: Shokugeki no Soma: Die Eiskönigin und der Frühlingssturm","30.03.20"
"Food Wars! Shokugeki no Soma: Food Wars!: Shokugeki no Soma: Die heilige Maria des Polarsterns","30.03.20"
"Die Maus: Staffel 1: Die Sendung mit der Maus, Durch das Weltall zu den Sternen","30.03.20"
"Food Wars! Shokugeki no Soma: Food Wars!: Shokugeki no Soma: Der Koch, der niemals lächelt","26.03.20"
"Food Wars! Shokugeki no Soma: Food Wars!: Shokugeki no Soma: Göttliche Zunge","26.03.20"
"Food Wars! Shokugeki no Soma: Food Wars!: Shokugeki no Soma: Eine endlose Wildnis","26.03.20"
"Guilty Crown: Guilty Crown: Season 1: Inori: Einklang","26.03.20"
"Guilty Crown: Guilty Crown: Season 1: Eclosion: Erscheinung","26.03.20"
"Guilty Crown: Guilty Crown: Season 1: Remembrance: Ein Tagebuch","26.03.20"
"Guilty Crown: Guilty Crown: Season 1: Atonement: Wiedergeburt","26.03.20"
"Guilty Crown: Guilty Crown: Season 1: Wandering: Liebste ...","26.03.20"
"Guilty Crown: Guilty Crown: Season 1: Revolution: Exodus","26.03.20"
"Guilty Crown: Guilty Crown: Season 1: Kingdom: Der Tyrann","26.03.20"
"Guilty Crown: Guilty Crown: Season 1: Konfession: Sacrifice","26.03.20"
"Guilty Crown: Guilty Crown: Season 1: Disturbance: Auswahlverfahren","25.03.20"
"Guilty Crown: Guilty Crown: Season 1: Academy: Isolation","25.03.20"
"Guilty Crown: Guilty Crown: Season 1: Resurrection: The Lost Christmas","25.03.20"
"Guilty Crown: Guilty Crown: Season 1: Resonance: Resonanz","25.03.20"
"Guilty Crown: Guilty Crown: Season 1: Degeneracy: Rückzug","25.03.20"
"Guilty Crown: Guilty Crown: Season 1: Predation: Beute","25.03.20"
"Guilty Crown: Guilty Crown: Season 1: Summer Day: Balzverhalten","25.03.20"
"Guilty Crown: Guilty Crown: Season 1: Round Dance: Versuchung","25.03.20"
"Guilty Crown: Guilty Crown: Season 1: Cage: Leucocyte","25.03.20"
"Guilty Crown: Guilty Crown: Season 1: Training: Eine Vorbereitung","25.03.20"
"Guilty Crown: Guilty Crown: Season 1: Solution: Fluss","25.03.20"
"Guilty Crown: Guilty Crown: Season 1: Phanerosis: Void-Sampling","25.03.20"
"Guilty Crown: Guilty Crown: Season 1: The Fittest: Überleben der Tauglichsten","25.03.20"
"Guilty Crown: Guilty Crown: Season 1: Outbreak: Genesis","25.03.20"
"Akame Ga Kill: Akame Ga Kill","24.03.20"
"Akame Ga Kill: Den Kaiser durchschneiden","24.03.20"
"Akame Ga Kill: Die Schwester durchschneiden","24.03.20"
"Akame Ga Kill: Die Verzweiflung durchschneiden","24.03.20"
"Akame Ga Kill: Shura durchschneiden","24.03.20"
"Akame Ga Kill: Die Ursache durchschneiden","24.03.20"
"Akame Ga Kill: Dämonen durchschneiden","24.03.20"
"Akame Ga Kill: Den Bann durchschneiden","24.03.20"
"Akame Ga Kill: Puppen durchschneiden","23.03.20"
"Akame Ga Kill: Eine Religionsgemeinschaft durchschneiden","23.03.20"
"Akame Ga Kill: Das Ministermonster durchschneiden","23.03.20"
"Akame Ga Kill: Hindernisse durchschneiden","23.03.20"
"Akame Ga Kill: Die Neuen durchschneiden","23.03.20"
"Akame Ga Kill: Den Mad Scientist durchschneiden","23.03.20"
"Akame Ga Kill: Die Verführung durchschneiden","23.03.20"
"Akame Ga Kill: Den Kampfeswahn durchschneiden","23.03.20"
"Akame Ga Kill: Drei Kleintiere durchschneiden -Teil 2-","23.03.20"
"Akame Ga Kill: Drei Kleintiere durchschneiden -Teil 1-","23.03.20"
"Akame Ga Kill: Die absolute Gerechtigkeit durchschneiden","23.03.20"
"Akame Ga Kill: Traumgeschichten durchschneiden","23.03.20"
"Akame Ga Kill: Benutzer von Kaiserwaffen durchschneiden","23.03.20"
"Akame Ga Kill: Die Befangenheit durchschneiden","23.03.20"
"Akame Ga Kill: Die Autorität durchschneiden","23.03.20"
"Akame Ga Kill: Die Dunkelheit zerschneiden","23.03.20"
"Pokémon – Die TV-Serie: Sonne und Mond: Sonne und Mond: Alola, neue Abenteuer!","23.03.20"
"House of Cards: Staffel 1: Kapitel 11","21.03.20"
"Scorpion: Staffel 1: Pilotfolge","20.03.20"
"House of Cards: Staffel 1: Kapitel 10","19.03.20"
"House of Cards: Staffel 1: Kapitel 9","19.03.20"
"House of Cards: Staffel 1: Kapitel 8","19.03.20"
"House of Cards: Staffel 1: Kapitel 7","18.03.20"
"House of Cards: Staffel 1: Kapitel 6","18.03.20"
"House of Cards: Staffel 1: Kapitel 5","18.03.20"
"House of Cards: Staffel 1: Kapitel 4","17.03.20"
"House of Cards: Staffel 1: Kapitel 3","17.03.20"
"House of Cards: Staffel 1: Kapitel 2","17.03.20"
"House of Cards: Staffel 1: Kapitel 1","16.03.20"
"Haikyu!!: Haikyu!! Karasuno High School vs Shiratorizawa Academy: Kampf der Konzepte","16.03.20"
"Haikyu!!: Haikyu!! Karasuno High School vs Shiratorizawa Academy: Volleyballnerds","16.03.20"
"Haikyu!!: Haikyu!! Karasuno High School vs Shiratorizawa Academy: Ein abscheulicher Kerl","16.03.20"
"Haikyu!!: Haikyu!! Karasuno High School vs Shiratorizawa Academy: Befangenheit","15.03.20"
"Haikyu!!: Haikyu!! Karasuno High School vs Shiratorizawa Academy: Die chemische Veränderung einer Begegnung","15.03.20"
"Haikyu!!: Haikyu!! Karasuno High School vs Shiratorizawa Academy: Allein gegen viele","15.03.20"
"Haikyu!!: Haikyu!! Karasuno High School vs Shiratorizawa Academy: Vollmond","15.03.20"
"Haikyu!!: Haikyu!! Karasuno High School vs Shiratorizawa Academy: Guess-Monster","15.03.20"
"Haikyu!!: Haikyu!! Karasuno High School vs Shiratorizawa Academy: Bedrohung von links","15.03.20"
"Haikyu!!: Haikyu!! Karasuno High School vs Shiratorizawa Academy: Die Begrüßung","15.03.20"
"Haikyu!!: Haikyu!! II: Kriegserklärung","15.03.20"
"Haikyu!!: Haikyu!! II: Extremschalter","15.03.20"
"Haikyu!!: Haikyu!! II: Team","15.03.20"
"Haikyu!!: Haikyu!! II: Kampf des ehemaligen Feiglings","15.03.20"
"Haikyu!!: Haikyu!! II: Der Kaputtmacher","15.03.20"
"Haikyu!!: Haikyu!! II: Ausmerzen","15.03.20"
"Haikyu!!: Haikyu!! II: Die eiserne Mauer errichten wir immer wieder neu","15.03.20"
"Haikyu!!: Haikyu!! II: Verlierer","14.03.20"
"Haikyu!!: Haikyu!! II: Kampf der Feiglinge","14.03.20"
"Haikyu!!: Haikyu!! II: Weiter geht's","14.03.20"
"Haikyu!!: Haikyu!! II: Spielplatz","14.03.20"
"Haikyu!!: Haikyu!! II: Wachsende Kinder","13.03.20"
"Haikyu!!: Haikyu!! II: Simple und einfache Kraft","13.03.20"
"Haikyu!!: Haikyu!! II: Das Match beginnt!!","13.03.20"
"Haikyu!!: Haikyu!! II: Oben","12.03.20"
"Haikyu!!: Haikyu!! II: Zahnräder","12.03.20"
"Haikyu!!: Haikyu!! II: Gegen den Schirm","12.03.20"
"Haikyu!!: Haikyu!! II: Die Illusion eines Helden","12.03.20"
"Haikyu!!: Haikyu!! II: Mondaufgang","12.03.20"
"Haikyu!!: Haikyu!! II: Tempo","12.03.20"
"Haikyu!!: Haikyu!! II: Gier","12.03.20"
"Haikyu!!: Haikyu!! II: Das Ass im Zentrum","12.03.20"
"Haikyu!!: Haikyu!! II: Dorfbewohner B","11.03.20"
"Haikyu!!: Haikyu!! II: Direkte Sonnenstrahlen","11.03.20"
"Haikyu!!: Haikyu!! II: Let's go! Tokyo!","11.03.20"
"Haikyu!!: Der dritte Tag","10.03.20"
"Haikyu!!: Der einsame König war einmal","10.03.20"
"Haikyu!!: Ein Ball, der den Verlauf bestimmt","10.03.20"
"Haikyu!!: Entwicklung","10.03.20"
"Haikyu!!: Das wahre Können der Senpai","10.03.20"
"Haikyu!!: Oikawa Tooru ist kein Genie","09.03.20"
"Haikyu!!: Dirigent","09.03.20"
"Haikyu!!: Rückendeckung","08.03.20"
"Haikyu!!: Eiserne Mauer","06.03.20"
"Haikyu!!: Gewinner und Verlierer","04.03.20"
"Haikyu!!: Wiederaufstieg","01.03.20"
"Haikyu!!: Starke Gegner","01.03.20"
"Bodyguard: Staffel 1: Folge 1","01.03.20"
"Haikyu!!: Rivalen","01.03.20"
"Haikyu!!: Wiedersehen von Katze und Krähe","01.03.20"
"Haikyu!!: Entschluss","01.03.20"
"Pokémon: Mewtu schlägt zurück – Evolution","29.02.20"
"Haikyu!!: Bewunderung","27.02.20"
"Haikyu!!: Ein Pass zum Ass","27.02.20"
"Haikyu!!: Der, den man Ass nennt","27.02.20"
"Haikyu!!: Gegen den Großen König","27.02.20"
"Haikyu!!: Ein interessantes Team","27.02.20"
"Haikyu!!: Nervöser Angsthase","27.02.20"
"Haikyu!!: Die Aussicht vom Gipfel aus","27.02.20"
"Haikyu!!: Der stärkste Verbündete","27.02.20"
"Haikyu!!: Der Volleyballclub der Karasuno-Oberschule","26.02.20"
"Haikyu!!: Ende und Anfang","26.02.20"
"Stranger Things: Stranger Things 3: Kapitel acht: Die Schlacht von Starcourt","25.02.20"
"Stranger Things: Stranger Things 3: Kapitel sieben: Der Biss","25.02.20"
"Stranger Things: Stranger Things 3: Kapitel sechs: E Pluribus Unum","25.02.20"
"Stranger Things: Stranger Things 3: Kapitel fünf: Die Armee","25.02.20"
"Bodyguard: Staffel 1: Folge 6","24.02.20"
"Bodyguard: Staffel 1: Folge 5","24.02.20"
"Stranger Things: Stranger Things 3: Kapitel vier: Der Sauna-Test","24.02.20"
"Stranger Things: Stranger Things 3: Kapitel drei: Die verschwundene Rettungsschwimmerin","24.02.20"
"Stranger Things: Stranger Things 3: Kapitel zwei: Ratten","23.02.20"
"Bodyguard: Staffel 1: Folge 4","23.02.20"
"Stranger Things: Stranger Things 3: Kapitel eins: Suzie, hörst du mich?","23.02.20"
"Stranger Things: Stranger Things 2: Kapitel neun: Das Tor","22.02.20"
"Stranger Things: Stranger Things 2: Kapitel acht: Der Gedankenschinder","22.02.20"
"Stranger Things: Stranger Things 2: Kapitel sieben: Die verlorene Schwester","22.02.20"
"Bodyguard: Staffel 1: Folge 3","21.02.20"
"Bodyguard: Staffel 1: Folge 2","21.02.20"
"Stranger Things: Stranger Things 2: Kapitel sechs: Der Spion","18.02.20"
"Stranger Things: Stranger Things 2: Kapitel fünf: Dig Dug","18.02.20"
"Stranger Things: Stranger Things 2: Kapitel vier: Will, der Weise","18.02.20"
"Stranger Things: Stranger Things 2: Kapitel drei: Die Kaulquappe","17.02.20"
"Stranger Things: Stranger Things 2: Kapitel zwei: Süßes oder Saures, Freak","16.02.20"
"Stranger Things: Stranger Things 2: Kapitel eins: MAD MAX","13.02.20"
"Stranger Things: Kapitel acht: Die andere Seite","12.02.20"
"Stranger Things: Kapitel sieben: Die Badewanne","12.02.20"
"Stranger Things: Kapitel sechs: Das Monster","11.02.20"
"Stranger Things: Kapitel fünf: Der Floh und der Akrobat","11.02.20"
"Stranger Things: Kapitel vier: Die Leiche","11.02.20"
"Stranger Things: Kapitel drei: Grausame Nacht","11.02.20"
"Stranger Things: Kapitel zwei: Die Verrückte auf der Maple Street","11.02.20"
"Stranger Things: Kapitel eins: Das Verschwinden des Will Byers","10.02.20"
"Prison Break: Staffel 5: Nachkommen","10.02.20"
"Prison Break: Staffel 5: Weindunkles Meer","10.02.20"
"Prison Break: Staffel 5: Phaecia","10.02.20"
"Prison Break: Staffel 5: Bauchgefühl","10.02.20"
"Prison Break: Staffel 5: Das Gefangenendilemma","09.02.20"
"Prison Break: Staffel 5: Der Lügner","09.02.20"
"Prison Break: Staffel 5: Kaniel Outis","09.02.20"
"Die Deutschen: Staffel 1: Heinrich und der Papst","08.02.20"
"Haus des Geldes: Teil 3: Urlaub","08.02.20"
"Haus des Geldes: Teil 3: Alles schien unwichtig","07.02.20"
"Haus des Geldes: Teil 3: Bumm, bumm, ciao!","07.02.20"
"Haus des Geldes: Teil 3: Die Stunde des Delfins","07.02.20"
"Haus des Geldes: Teil 3: 48 Meter unter der Erde","07.02.20"
"Your Name. – Gestern, heute und für immer","07.02.20"
"Haus des Geldes: Teil 3: Aikido","07.02.20"
"Haus des Geldes: Teil 3: Wir sind zurück","07.02.20"
